horizon_days,model,mae,rmse,wape,mape,mape_samples,bias,samples,best_model_votes
7,NAIVE_LAST_VALUE,0.35774,0.728227,1.332518,0.806345,3456,-0.032044,16758,50
7,MOVING_AVERAGE_7,0.338073,0.54993,1.259264,0.690483,3456,-0.005013,16758,11
7,MOVING_AVERAGE_30,0.331398,0.522067,1.2344,0.677228,3456,-0.008834,16758,18
7,CURRENT_EWMA_TREND,0.338238,0.568708,1.259878,0.71601,3456,-0.022071,16758,11
7,CROSTON,0.349165,0.522793,1.30058,0.658538,3456,0.017518,16758,3
7,SBA,0.34364,0.522688,1.280001,0.669799,3456,0.003219,16758,18
7,TSB,0.332839,0.527854,1.239766,0.681223,3456,-0.010296,16758,3
14,NAIVE_LAST_VALUE,0.339975,0.704799,1.282742,0.797059,3252,-0.05188,15960,47
14,MOVING_AVERAGE_7,0.329914,0.541923,1.244782,0.692297,3252,-0.0099,15960,16
14,MOVING_AVERAGE_30,0.327987,0.518801,1.23751,0.675862,3252,-0.008049,15960,19
14,CURRENT_EWMA_TREND,0.328588,0.562035,1.239781,0.709003,3252,-0.030395,15960,10
14,CROSTON,0.348417,0.520518,1.314594,0.657468,3252,0.021631,15960,2
14,SBA,0.342783,0.520398,1.293336,0.66876,3252,0.007298,15960,17
14,TSB,0.327782,0.52318,1.236738,0.680097,3252,-0.011123,15960,3
