horizon_days,demand_class,variants,model,mae,rmse,wape,bias,samples
7,INTERMITTENT,113,NAIVE_LAST_VALUE,0.344049,0.689149,1.404177,-0.027993,16611
7,INTERMITTENT,113,MOVING_AVERAGE_7,0.327752,0.522464,1.337662,-0.005057,16611
7,INTERMITTENT,113,MOVING_AVERAGE_30,0.321432,0.494943,1.311867,-0.008454,16611
7,INTERMITTENT,113,CURRENT_EWMA_TREND,0.327276,0.539665,1.335719,-0.019629,16611
7,INTERMITTENT,113,CROSTON,0.339229,0.495096,1.384504,0.018268,16611
7,INTERMITTENT,113,SBA,0.333712,0.494715,1.361986,0.005104,16611
7,INTERMITTENT,113,TSB,0.322787,0.500624,1.317399,-0.009455,16611
7,SMOOTH,1,NAIVE_LAST_VALUE,1.904762,2.605593,0.652681,-0.489796,147
7,SMOOTH,1,MOVING_AVERAGE_7,1.504373,1.905442,0.515485,0,147
7,SMOOTH,1,MOVING_AVERAGE_30,1.457596,1.841103,0.499456,-0.051701,147
7,SMOOTH,1,CURRENT_EWMA_TREND,1.576962,1.990215,0.540358,-0.298007,147
7,SMOOTH,1,CROSTON,1.471967,1.859867,0.50438,-0.067222,147
7,SMOOTH,1,SBA,1.465597,1.867926,0.502198,-0.209779,147
7,SMOOTH,1,TSB,1.468665,1.855614,0.503249,-0.105235,147
14,INTERMITTENT,113,NAIVE_LAST_VALUE,0.323767,0.6561,1.340838,-0.044121,15820
14,INTERMITTENT,113,MOVING_AVERAGE_7,0.319632,0.513903,1.32371,-0.009482,15820
14,INTERMITTENT,113,MOVING_AVERAGE_30,0.317779,0.490319,1.316038,-0.007012,15820
14,INTERMITTENT,113,CURRENT_EWMA_TREND,0.316978,0.52881,1.31272,-0.025098,15820
14,INTERMITTENT,113,CROSTON,0.338316,0.491532,1.401089,0.022517,15820
14,INTERMITTENT,113,SBA,0.33267,0.491107,1.377706,0.009318,15820
14,INTERMITTENT,113,TSB,0.317626,0.494918,1.315406,-0.009664,15820
14,SMOOTH,1,NAIVE_LAST_VALUE,2.171429,2.825901,0.741463,-0.928571,140
14,SMOOTH,1,MOVING_AVERAGE_7,1.491837,1.907022,0.509408,-0.057143,140
14,SMOOTH,1,MOVING_AVERAGE_30,1.481429,1.875367,0.505854,-0.125238,140
14,SMOOTH,1,CURRENT_EWMA_TREND,1.64057,2.100333,0.560195,-0.629046,140
14,SMOOTH,1,CROSTON,1.489784,1.893637,0.508707,-0.078474,140
14,SMOOTH,1,SBA,1.485518,1.902302,0.50725,-0.220979,140
14,SMOOTH,1,TSB,1.475369,1.877527,0.503785,-0.176011,140
