policy,date,demand,fulfilled,unmet,available_end,owned_end,on_order_end,ordered_qty,received_qty
NO_REORDER,2025-10-28,1,1,0,9,53,0,0,0
NO_REORDER,2025-10-29,1,1,0,12,53,0,0,0
NO_REORDER,2025-10-30,0,0,0,16,53,0,0,0
NO_REORDER,2025-10-31,0,0,0,18,53,0,0,0
NO_REORDER,2025-11-01,8,8,0,13,53,0,0,0
NO_REORDER,2025-11-02,4,4,0,11,53,0,0,0
NO_REORDER,2025-11-03,3,3,0,13,53,0,0,0
NO_REORDER,2025-11-04,5,5,0,11,53,0,0,0
NO_REORDER,2025-11-05,2,2,0,12,53,0,0,0
NO_REORDER,2025-11-06,6,6,0,9,53,0,0,0
NO_REORDER,2025-11-07,3,3,0,7,53,0,0,0
NO_REORDER,2025-11-08,4,4,0,6,53,0,0,0
NO_REORDER,2025-11-09,2,2,0,5,53,0,0,0
NO_REORDER,2025-11-10,3,3,0,5,53,0,0,0
NO_REORDER,2025-11-11,1,1,0,8,53,0,0,0
NO_REORDER,2025-11-12,0,0,0,9,53,0,0,0
NO_REORDER,2025-11-13,4,4,0,7,53,0,0,0
NO_REORDER,2025-11-14,0,0,0,9,53,0,0,0
NO_REORDER,2025-11-15,3,3,0,11,53,0,0,0
NO_REORDER,2025-11-16,1,1,0,14,53,0,0,0
NO_REORDER,2025-11-17,4,4,0,13,53,0,0,0
NO_REORDER,2025-11-18,1,1,0,14,53,0,0,0
NO_REORDER,2025-11-19,2,2,0,16,53,0,0,0
NO_REORDER,2025-11-20,0,0,0,18,53,0,0,0
NO_REORDER,2025-11-21,3,3,0,16,53,0,0,0
NO_REORDER,2025-11-22,4,4,0,14,53,0,0,0
NO_REORDER,2025-11-23,6,6,0,12,53,0,0,0
NO_REORDER,2025-11-24,2,2,0,11,53,0,0,0
NO_REORDER,2025-11-25,3,3,0,9,53,0,0,0
NO_REORDER,2025-11-26,1,1,0,9,53,0,0,0
NO_REORDER,2025-11-27,0,0,0,11,53,0,0,0
NO_REORDER,2025-11-28,1,1,0,13,53,0,0,0
NO_REORDER,2025-11-29,3,3,0,10,53,0,0,0
NO_REORDER,2025-11-30,4,4,0,11,53,0,0,0
NO_REORDER,2025-12-01,5,5,0,8,53,0,0,0
NO_REORDER,2025-12-02,2,2,0,9,53,0,0,0
NO_REORDER,2025-12-03,6,6,0,3,53,0,0,0
NO_REORDER,2025-12-04,2,2,0,5,53,0,0,0
NO_REORDER,2025-12-05,5,5,0,5,53,0,0,0
NO_REORDER,2025-12-06,3,3,0,5,53,0,0,0
NO_REORDER,2025-12-07,2,2,0,7,53,0,0,0
NO_REORDER,2025-12-08,3,3,0,7,53,0,0,0
NO_REORDER,2025-12-09,2,2,0,12,53,0,0,0
NO_REORDER,2025-12-10,1,1,0,14,53,0,0,0
NO_REORDER,2025-12-11,0,0,0,19,53,0,0,0
NO_REORDER,2025-12-12,5,5,0,16,53,0,0,0
NO_REORDER,2025-12-13,4,4,0,14,53,0,0,0
NO_REORDER,2025-12-14,4,4,0,12,53,0,0,0
NO_REORDER,2025-12-15,3,3,0,10,53,0,0,0
NO_REORDER,2025-12-16,2,2,0,9,53,0,0,0
NO_REORDER,2025-12-17,2,2,0,9,53,0,0,0
NO_REORDER,2025-12-18,2,2,0,11,53,0,0,0
NO_REORDER,2025-12-19,2,2,0,9,53,0,0,0
NO_REORDER,2025-12-20,1,1,0,10,53,0,0,0
NO_REORDER,2025-12-21,3,3,0,8,53,0,0,0
NO_REORDER,2025-12-22,1,1,0,12,53,0,0,0
NO_REORDER,2025-12-23,5,5,0,9,53,0,0,0
NO_REORDER,2025-12-24,3,3,0,9,53,0,0,0
NO_REORDER,2025-12-25,4,4,0,9,53,0,0,0
NO_REORDER,2025-12-26,2,2,0,8,53,0,0,0
NO_REORDER,2025-12-27,3,3,0,6,53,0,0,0
NO_REORDER,2025-12-28,4,4,0,4,53,0,0,0
NO_REORDER,2025-12-29,5,5,0,4,53,0,0,0
NO_REORDER,2025-12-30,0,0,0,4,53,0,0,0
NO_REORDER,2025-12-31,4,4,0,4,53,0,0,0
NO_REORDER,2026-01-01,2,2,0,5,53,0,0,0
NO_REORDER,2026-01-02,2,2,0,4,53,0,0,0
NO_REORDER,2026-01-03,8,5,3,0,53,0,0,0
NO_REORDER,2026-01-04,7,3,4,0,53,0,0,0
NO_REORDER,2026-01-05,1,1,0,0,53,0,0,0
NO_REORDER,2026-01-06,4,4,0,1,53,0,0,0
NO_REORDER,2026-01-07,2,2,0,1,53,0,0,0
NO_REORDER,2026-01-08,3,3,0,1,53,0,0,0
NO_REORDER,2026-01-09,2,2,0,0,53,0,0,0
NO_REORDER,2026-01-10,4,1,3,0,53,0,0,0
NO_REORDER,2026-01-11,2,2,0,0,53,0,0,0
NO_REORDER,2026-01-12,2,1,1,0,53,0,0,0
NO_REORDER,2026-01-13,1,1,0,5,53,0,0,0
NO_REORDER,2026-01-14,3,3,0,4,53,0,0,0
NO_REORDER,2026-01-15,0,0,0,7,53,0,0,0
NO_REORDER,2026-01-16,2,2,0,10,53,0,0,0
NO_REORDER,2026-01-17,2,2,0,9,53,0,0,0
NO_REORDER,2026-01-18,4,4,0,5,53,0,0,0
NO_REORDER,2026-01-19,1,1,0,6,53,0,0,0
NO_REORDER,2026-01-20,2,2,0,6,53,0,0,0
NO_REORDER,2026-01-21,1,1,0,7,53,0,0,0
NO_REORDER,2026-01-22,2,2,0,9,53,0,0,0
NO_REORDER,2026-01-23,0,0,0,11,53,0,0,0
NO_REORDER,2026-01-24,4,4,0,9,53,0,0,0
NO_REORDER,2026-01-25,1,1,0,11,53,0,0,0
NO_REORDER,2026-01-26,4,4,0,13,53,0,0,0
NO_REORDER,2026-01-27,2,2,0,13,53,0,0,0
NO_REORDER,2026-01-28,2,2,0,14,53,0,0,0
NO_REORDER,2026-01-29,0,0,0,18,53,0,0,0
NO_REORDER,2026-01-30,2,2,0,17,53,0,0,0
NO_REORDER,2026-01-31,0,0,0,19,53,0,0,0
NO_REORDER,2026-02-01,4,4,0,18,53,0,0,0
NO_REORDER,2026-02-02,3,3,0,17,53,0,0,0
NO_REORDER,2026-02-03,1,1,0,19,53,0,0,0
NO_REORDER,2026-02-04,1,1,0,21,53,0,0,0
NO_REORDER,2026-02-05,0,0,0,24,53,0,0,0
NO_REORDER,2026-02-06,1,1,0,26,53,0,0,0
NO_REORDER,2026-02-07,3,3,0,26,53,0,0,0
NO_REORDER,2026-02-08,2,2,0,27,53,0,0,0
NO_REORDER,2026-02-09,0,0,0,27,53,0,0,0
NO_REORDER,2026-02-10,4,4,0,24,53,0,0,0
NO_REORDER,2026-02-11,1,1,0,24,53,0,0,0
NO_REORDER,2026-02-12,1,1,0,25,53,0,0,0
NO_REORDER,2026-02-13,2,2,0,26,53,0,0,0
NO_REORDER,2026-02-14,3,3,0,25,53,0,0,0
NO_REORDER,2026-02-15,2,2,0,25,53,0,0,0
NO_REORDER,2026-02-16,1,1,0,26,53,0,0,0
NO_REORDER,2026-02-17,4,4,0,23,53,0,0,0
NO_REORDER,2026-02-18,2,2,0,22,53,0,0,0
NO_REORDER,2026-02-19,2,2,0,21,53,0,0,0
NO_REORDER,2026-02-20,0,0,0,21,53,0,0,0
NO_REORDER,2026-02-21,0,0,0,23,53,0,0,0
NO_REORDER,2026-02-22,0,0,0,24,53,0,0,0
NO_REORDER,2026-02-23,1,1,0,24,53,0,0,0
NO_REORDER,2026-02-24,1,1,0,26,53,0,0,0
NO_REORDER,2026-02-25,2,2,0,24,53,0,0,0
NO_REORDER,2026-02-26,5,5,0,19,53,0,0,0
NO_REORDER,2026-02-27,3,3,0,20,53,0,0,0
NO_REORDER,2026-02-28,4,4,0,19,53,0,0,0
NO_REORDER,2026-03-01,3,3,0,17,53,0,0,0
NO_REORDER,2026-03-02,5,5,0,14,53,0,0,0
NO_REORDER,2026-03-03,8,8,0,9,53,0,0,0
NO_REORDER,2026-03-04,7,7,0,5,53,0,0,0
NO_REORDER,2026-03-05,3,3,0,4,53,0,0,0
NO_REORDER,2026-03-06,3,3,0,5,53,0,0,0
NO_REORDER,2026-03-07,2,2,0,3,53,0,0,0
NO_REORDER,2026-03-08,6,6,0,1,53,0,0,0
NO_REORDER,2026-03-09,5,4,1,0,53,0,0,0
NO_REORDER,2026-03-10,3,3,0,1,53,0,0,0
NO_REORDER,2026-03-11,1,1,0,2,53,0,0,0
NO_REORDER,2026-03-12,3,3,0,0,53,0,0,0
NO_REORDER,2026-03-13,5,4,1,0,53,0,0,0
NO_REORDER,2026-03-14,3,3,0,1,53,0,0,0
NO_REORDER,2026-03-15,3,3,0,1,53,0,0,0
NO_REORDER,2026-03-16,3,3,0,1,53,0,0,0
NO_REORDER,2026-03-17,2,2,0,2,53,0,0,0
NO_REORDER,2026-03-18,0,0,0,3,53,0,0,0
NO_REORDER,2026-03-19,3,3,0,2,53,0,0,0
NO_REORDER,2026-03-20,2,2,0,2,53,0,0,0
NO_REORDER,2026-03-21,2,2,0,3,53,0,0,0
NO_REORDER,2026-03-22,3,3,0,5,53,0,0,0
NO_REORDER,2026-03-23,2,2,0,4,53,0,0,0
NO_REORDER,2026-03-24,1,1,0,5,53,0,0,0
NO_REORDER,2026-03-25,4,4,0,7,53,0,0,0
NO_REORDER,2026-03-26,1,1,0,10,53,0,0,0
NO_REORDER,2026-03-27,2,2,0,10,53,0,0,0
NO_REORDER,2026-03-28,2,2,0,9,53,0,0,0
NO_REORDER,2026-03-29,3,3,0,7,53,0,0,0
NO_REORDER,2026-03-30,3,3,0,6,53,0,0,0
NO_REORDER,2026-03-31,3,3,0,5,53,0,0,0
NO_REORDER,2026-04-01,3,3,0,3,53,0,0,0
NO_REORDER,2026-04-02,1,1,0,9,53,0,0,0
NO_REORDER,2026-04-03,2,2,0,8,53,0,0,0
NO_REORDER,2026-04-04,4,4,0,10,53,0,0,0
NO_REORDER,2026-04-05,2,2,0,10,53,0,0,0
NO_REORDER,2026-04-06,2,2,0,12,53,0,0,0
NO_REORDER,2026-04-07,4,4,0,10,53,0,0,0
NO_REORDER,2026-04-08,2,2,0,13,53,0,0,0
NO_REORDER,2026-04-09,1,1,0,18,53,0,0,0
NO_REORDER,2026-04-10,1,1,0,22,53,0,0,0
NO_REORDER,2026-04-11,6,6,0,16,53,0,0,0
NO_REORDER,2026-04-12,2,2,0,16,53,0,0,0
NO_REORDER,2026-04-13,6,6,0,14,53,0,0,0
NO_REORDER,2026-04-14,2,2,0,12,53,0,0,0
NO_REORDER,2026-04-15,2,2,0,10,53,0,0,0
NO_REORDER,2026-04-16,5,5,0,8,53,0,0,0
NO_REORDER,2026-04-17,2,2,0,8,53,0,0,0
NO_REORDER,2026-04-18,2,2,0,6,53,0,0,0
NO_REORDER,2026-04-19,3,3,0,6,53,0,0,0
NO_REORDER,2026-04-20,3,3,0,3,53,0,0,0
NO_REORDER,2026-04-21,1,1,0,6,53,0,0,0
NO_REORDER,2026-04-22,3,3,0,5,53,0,0,0
NO_REORDER,2026-04-23,7,6,1,0,53,0,0,0
NO_REORDER,2026-04-24,2,1,1,0,53,0,0,0
NO_REORDER,2026-04-25,5,4,1,0,53,0,0,0
NO_REORDER,2026-04-26,3,2,1,0,53,0,0,0
NO_REORDER,2026-04-27,5,3,2,0,53,0,0,0
NO_REORDER,2026-04-28,4,4,0,0,53,0,0,0
NO_REORDER,2026-04-29,2,2,0,0,53,0,0,0
NO_REORDER,2026-04-30,4,4,0,1,53,0,0,0
NO_REORDER,2026-05-01,4,4,0,1,53,0,0,0
NO_REORDER,2026-05-02,2,2,0,0,53,0,0,0
NO_REORDER,2026-05-03,3,2,1,0,53,0,0,0
NO_REORDER,2026-05-04,3,2,1,0,53,0,0,0
NO_REORDER,2026-05-05,1,1,0,1,53,0,0,0
NO_REORDER,2026-05-06,4,3,1,0,53,0,0,0
NO_REORDER,2026-05-07,3,3,0,0,53,0,0,0
NO_REORDER,2026-05-08,3,1,2,0,53,0,0,0
NO_REORDER,2026-05-09,5,2,3,0,53,0,0,0
NO_REORDER,2026-05-10,6,5,1,0,53,0,0,0
NO_REORDER,2026-05-11,5,5,0,0,53,0,0,0
NO_REORDER,2026-05-12,1,1,0,1,53,0,0,0
NO_REORDER,2026-05-13,5,5,0,2,53,0,0,0
NO_REORDER,2026-05-14,3,3,0,2,53,0,0,0
NO_REORDER,2026-05-15,3,3,0,1,53,0,0,0
NO_REORDER,2026-05-16,3,3,0,1,53,0,0,0
NO_REORDER,2026-05-17,4,4,0,1,53,0,0,0
NO_REORDER,2026-05-18,3,3,0,0,53,0,0,0
NO_REORDER,2026-05-19,1,1,0,3,53,0,0,0
NO_REORDER,2026-05-20,1,1,0,6,53,0,0,0
NO_REORDER,2026-05-21,3,3,0,9,53,0,0,0
NO_REORDER,2026-05-22,0,0,0,14,53,0,0,0
NO_REORDER,2026-05-23,3,3,0,13,53,0,0,0
NO_REORDER,2026-05-24,5,5,0,11,53,0,0,0
NO_REORDER,2026-05-25,1,1,0,12,53,0,0,0
NO_REORDER,2026-05-26,3,3,0,12,53,0,0,0
NO_REORDER,2026-05-27,3,3,0,13,53,0,0,0
NO_REORDER,2026-05-28,1,1,0,14,53,0,0,0
NO_REORDER,2026-05-29,4,4,0,10,53,0,0,0
NO_REORDER,2026-05-30,5,5,0,11,53,0,0,0
NO_REORDER,2026-05-31,3,3,0,13,53,0,0,0
NO_REORDER,2026-06-01,4,4,0,11,53,0,0,0
NO_REORDER,2026-06-02,2,2,0,14,53,0,0,0
NO_REORDER,2026-06-03,3,3,0,12,53,0,0,0
NO_REORDER,2026-06-04,4,4,0,9,53,0,0,0
NO_REORDER,2026-06-05,2,2,0,9,53,0,0,0
NO_REORDER,2026-06-06,6,6,0,6,53,0,0,0
NO_REORDER,2026-06-07,3,3,0,3,53,0,0,0
NO_REORDER,2026-06-08,4,4,0,1,53,0,0,0
NO_REORDER,2026-06-09,0,0,0,4,53,0,0,0
NO_REORDER,2026-06-10,2,2,0,2,53,0,0,0
NO_REORDER,2026-06-11,3,3,0,0,53,0,0,0
NO_REORDER,2026-06-12,0,0,0,3,53,0,0,0
NO_REORDER,2026-06-13,4,4,0,2,53,0,0,0
NO_REORDER,2026-06-14,3,3,0,2,53,0,0,0
NO_REORDER,2026-06-15,0,0,0,4,53,0,0,0
NO_REORDER,2026-06-16,2,2,0,3,53,0,0,0
NO_REORDER,2026-06-17,4,4,0,1,53,0,0,0
NO_REORDER,2026-06-18,3,3,0,3,53,0,0,0
NO_REORDER,2026-06-19,5,5,0,0,53,0,0,0
NO_REORDER,2026-06-20,1,1,0,1,53,0,0,0
NO_REORDER,2026-06-21,2,2,0,4,53,0,0,0
NO_REORDER,2026-06-22,4,4,0,2,53,0,0,0
NO_REORDER,2026-06-23,4,4,0,1,53,0,0,0
NO_REORDER,2026-06-24,4,4,0,2,53,0,0,0
NO_REORDER,2026-06-25,0,0,0,4,53,0,0,0
NO_REORDER,2026-06-26,2,2,0,5,53,0,0,0
NO_REORDER,2026-06-27,0,0,0,8,53,0,0,0
NO_REORDER,2026-06-28,5,5,0,4,53,0,0,0
NO_REORDER,2026-06-29,2,2,0,6,53,0,0,0
NO_REORDER,2026-06-30,4,4,0,5,53,0,0,0
NO_REORDER,2026-07-01,3,3,0,7,53,0,0,0
NO_REORDER,2026-07-02,2,2,0,9,53,0,0,0
NO_REORDER,2026-07-03,3,3,0,8,53,0,0,0
NO_REORDER,2026-07-04,2,2,0,10,53,0,0,0
NO_REORDER,2026-07-05,5,5,0,11,53,0,0,0
NO_REORDER,2026-07-06,2,2,0,11,53,0,0,0
NO_REORDER,2026-07-07,2,2,0,12,53,0,0,0
NO_REORDER,2026-07-08,1,1,0,14,53,0,0,0
NO_REORDER,2026-07-09,1,1,0,15,53,0,0,0
NO_REORDER,2026-07-10,0,0,0,17,53,0,0,0
NO_REORDER,2026-07-11,3,3,0,15,53,0,0,0
NO_REORDER,2026-07-12,2,2,0,15,53,0,0,0
NO_REORDER,2026-07-13,3,3,0,12,53,0,0,0
NO_REORDER,2026-07-14,1,1,0,13,53,0,0,0
NO_REORDER,2026-07-15,3,3,0,14,53,0,0,0
NO_REORDER,2026-07-16,0,0,0,16,53,0,0,0
NO_REORDER,2026-07-17,3,3,0,16,53,0,0,0
NO_REORDER,2026-07-18,4,4,0,13,53,0,0,0
NO_REORDER,2026-07-19,0,0,0,15,53,0,0,0
NO_REORDER,2026-07-20,2,2,0,14,53,0,0,0
NO_REORDER,2026-07-21,2,2,0,17,53,0,0,0
NO_REORDER,2026-07-22,1,1,0,19,53,0,0,0
NO_REORDER,2026-07-23,2,2,0,19,53,0,0,0
NO_REORDER,2026-07-24,4,4,0,17,53,0,0,0
NO_REORDER,2026-07-25,4,4,0,13,53,0,0,0
NO_REORDER,2026-07-26,1,1,0,16,53,0,0,0
NO_REORDER,2026-07-27,3,3,0,15,53,0,0,0
NO_REORDER,2026-07-28,4,4,0,13,53,0,0,0
NO_REORDER,2026-07-29,2,2,0,12,53,0,0,0
NO_REORDER,2026-07-30,3,3,0,10,53,0,0,0
NO_REORDER,2026-07-31,1,1,0,12,53,0,0,0
NO_REORDER,2026-08-01,2,2,0,15,53,0,0,0
NO_REORDER,2026-08-02,3,3,0,13,53,0,0,0
NO_REORDER,2026-08-03,3,3,0,11,53,0,0,0
NO_REORDER,2026-08-04,2,2,0,14,53,0,0,0
NO_REORDER,2026-08-05,3,3,0,14,53,0,0,0
NO_REORDER,2026-08-06,7,7,0,10,53,0,0,0
NO_REORDER,2026-08-07,7,7,0,8,53,0,0,0
NO_REORDER,2026-08-08,5,5,0,5,53,0,0,0
NO_REORDER,2026-08-09,7,7,0,1,53,0,0,0
NO_REORDER,2026-08-10,1,1,0,3,53,0,0,0
NO_REORDER,2026-08-11,4,4,0,3,53,0,0,0
NO_REORDER,2026-08-12,3,3,0,1,53,0,0,0
NO_REORDER,2026-08-13,1,1,0,1,53,0,0,0
NO_REORDER,2026-08-14,1,1,0,6,53,0,0,0
NO_REORDER,2026-08-15,4,4,0,3,53,0,0,0
NO_REORDER,2026-08-16,2,2,0,3,53,0,0,0
NO_REORDER,2026-08-17,0,0,0,5,53,0,0,0
NO_REORDER,2026-08-18,2,2,0,8,53,0,0,0
NO_REORDER,2026-08-19,0,0,0,12,53,0,0,0
NO_REORDER,2026-08-20,1,1,0,14,53,0,0,0
NO_REORDER,2026-08-21,4,4,0,13,53,0,0,0
NO_REORDER,2026-08-22,4,4,0,12,53,0,0,0
NO_REORDER,2026-08-23,1,1,0,12,53,0,0,0
NO_REORDER,2026-08-24,0,0,0,14,53,0,0,0
NO_REORDER,2026-08-25,3,3,0,12,53,0,0,0
NO_REORDER,2026-08-26,4,4,0,11,53,0,0,0
NO_REORDER,2026-08-27,2,2,0,14,53,0,0,0
NO_REORDER,2026-08-28,4,4,0,12,53,0,0,0
NO_REORDER,2026-08-29,1,1,0,17,53,0,0,0
NO_REORDER,2026-08-30,5,5,0,12,53,0,0,0
NO_REORDER,2026-08-31,4,4,0,10,53,0,0,0
NO_REORDER,2026-09-01,4,4,0,9,53,0,0,0
NO_REORDER,2026-09-02,2,2,0,8,53,0,0,0
NO_REORDER,2026-09-03,3,3,0,6,53,0,0,0
NO_REORDER,2026-09-04,6,6,0,4,53,0,0,0
NO_REORDER,2026-09-05,2,2,0,6,53,0,0,0
NO_REORDER,2026-09-06,5,5,0,2,53,0,0,0
NO_REORDER,2026-09-07,1,1,0,4,53,0,0,0
NO_REORDER,2026-09-08,2,2,0,3,53,0,0,0
NO_REORDER,2026-09-09,4,4,0,5,53,0,0,0
NO_REORDER,2026-09-10,1,1,0,5,53,0,0,0
NO_REORDER,2026-09-11,4,4,0,2,53,0,0,0
NO_REORDER,2026-09-12,5,5,0,0,53,0,0,0
NO_REORDER,2026-09-13,4,2,2,0,53,0,0,0
NO_REORDER,2026-09-14,3,3,0,1,53,0,0,0
NO_REORDER,2026-09-15,2,2,0,0,53,0,0,0
NO_REORDER,2026-09-16,2,0,2,0,53,0,0,0
NO_REORDER,2026-09-17,1,0,1,0,53,0,0,0
NO_REORDER,2026-09-18,4,2,2,0,53,0,0,0
NO_REORDER,2026-09-19,6,2,4,0,53,0,0,0
NO_REORDER,2026-09-20,7,4,3,0,53,0,0,0
NO_REORDER,2026-09-21,3,3,0,3,53,0,0,0
NO_REORDER,2026-09-22,6,6,0,1,53,0,0,0
NO_REORDER,2026-09-23,10,3,7,0,53,0,0,0
NO_REORDER,2026-09-24,4,3,1,0,53,0,0,0
NO_REORDER,2026-09-25,4,1,3,0,53,0,0,0
NO_REORDER,2026-09-26,2,2,0,0,53,0,0,0
NO_REORDER,2026-09-27,4,2,2,0,53,0,0,0
REORDER_POINT,2025-10-28,1,1,0,9,53,0,0,0
REORDER_POINT,2025-10-29,1,1,0,12,53,0,0,0
REORDER_POINT,2025-10-30,0,0,0,16,53,0,0,0
REORDER_POINT,2025-10-31,0,0,0,18,53,0,0,0
REORDER_POINT,2025-11-01,8,8,0,13,53,0,0,0
REORDER_POINT,2025-11-02,4,4,0,11,53,0,0,0
REORDER_POINT,2025-11-03,3,3,0,13,53,0,0,0
REORDER_POINT,2025-11-04,5,5,0,11,53,0,0,0
REORDER_POINT,2025-11-05,2,2,0,12,53,0,0,0
REORDER_POINT,2025-11-06,6,6,0,9,53,0,0,0
REORDER_POINT,2025-11-07,3,3,0,7,53,0,0,0
REORDER_POINT,2025-11-08,4,4,0,6,53,0,0,0
REORDER_POINT,2025-11-09,2,2,0,5,53,0,0,0
REORDER_POINT,2025-11-10,3,3,0,5,53,0,0,0
REORDER_POINT,2025-11-11,1,1,0,8,53,0,0,0
REORDER_POINT,2025-11-12,0,0,0,9,53,0,0,0
REORDER_POINT,2025-11-13,4,4,0,7,53,0,0,0
REORDER_POINT,2025-11-14,0,0,0,9,53,0,0,0
REORDER_POINT,2025-11-15,3,3,0,11,53,0,0,0
REORDER_POINT,2025-11-16,1,1,0,14,53,0,0,0
REORDER_POINT,2025-11-17,4,4,0,13,53,0,0,0
REORDER_POINT,2025-11-18,1,1,0,14,53,0,0,0
REORDER_POINT,2025-11-19,2,2,0,16,53,0,0,0
REORDER_POINT,2025-11-20,0,0,0,18,53,0,0,0
REORDER_POINT,2025-11-21,3,3,0,16,53,0,0,0
REORDER_POINT,2025-11-22,4,4,0,14,53,0,0,0
REORDER_POINT,2025-11-23,6,6,0,12,53,0,0,0
REORDER_POINT,2025-11-24,2,2,0,11,53,0,0,0
REORDER_POINT,2025-11-25,3,3,0,9,53,0,0,0
REORDER_POINT,2025-11-26,1,1,0,9,53,0,0,0
REORDER_POINT,2025-11-27,0,0,0,11,53,0,0,0
REORDER_POINT,2025-11-28,1,1,0,13,53,0,0,0
REORDER_POINT,2025-11-29,3,3,0,10,53,0,0,0
REORDER_POINT,2025-11-30,4,4,0,11,53,0,0,0
REORDER_POINT,2025-12-01,5,5,0,8,53,0,0,0
REORDER_POINT,2025-12-02,2,2,0,9,53,0,0,0
REORDER_POINT,2025-12-03,6,6,0,3,53,0,0,0
REORDER_POINT,2025-12-04,2,2,0,5,53,0,0,0
REORDER_POINT,2025-12-05,5,5,0,5,53,0,0,0
REORDER_POINT,2025-12-06,3,3,0,5,53,0,0,0
REORDER_POINT,2025-12-07,2,2,0,7,53,0,0,0
REORDER_POINT,2025-12-08,3,3,0,7,53,0,0,0
REORDER_POINT,2025-12-09,2,2,0,12,53,0,0,0
REORDER_POINT,2025-12-10,1,1,0,14,53,0,0,0
REORDER_POINT,2025-12-11,0,0,0,19,53,0,0,0
REORDER_POINT,2025-12-12,5,5,0,16,53,0,0,0
REORDER_POINT,2025-12-13,4,4,0,14,53,0,0,0
REORDER_POINT,2025-12-14,4,4,0,12,53,0,0,0
REORDER_POINT,2025-12-15,3,3,0,10,53,0,0,0
REORDER_POINT,2025-12-16,2,2,0,9,53,0,0,0
REORDER_POINT,2025-12-17,2,2,0,9,53,0,0,0
REORDER_POINT,2025-12-18,2,2,0,11,53,0,0,0
REORDER_POINT,2025-12-19,2,2,0,9,53,0,0,0
REORDER_POINT,2025-12-20,1,1,0,10,53,0,0,0
REORDER_POINT,2025-12-21,3,3,0,8,53,0,0,0
REORDER_POINT,2025-12-22,1,1,0,12,53,0,0,0
REORDER_POINT,2025-12-23,5,5,0,9,53,0,0,0
REORDER_POINT,2025-12-24,3,3,0,9,53,0,0,0
REORDER_POINT,2025-12-25,4,4,0,9,53,0,0,0
REORDER_POINT,2025-12-26,2,2,0,8,53,0,0,0
REORDER_POINT,2025-12-27,3,3,0,6,53,0,0,0
REORDER_POINT,2025-12-28,4,4,0,4,53,0,0,0
REORDER_POINT,2025-12-29,5,5,0,4,53,0,0,0
REORDER_POINT,2025-12-30,0,0,0,4,53,6,6,0
REORDER_POINT,2025-12-31,4,4,0,4,53,6,0,0
REORDER_POINT,2026-01-01,2,2,0,5,53,6,0,0
REORDER_POINT,2026-01-02,2,2,0,4,53,6,0,0
REORDER_POINT,2026-01-03,8,5,3,0,53,6,0,0
REORDER_POINT,2026-01-04,7,3,4,0,53,6,0,0
REORDER_POINT,2026-01-05,1,1,0,0,53,6,0,0
REORDER_POINT,2026-01-06,4,4,0,1,53,6,0,0
REORDER_POINT,2026-01-07,2,2,0,1,53,6,0,0
REORDER_POINT,2026-01-08,3,3,0,1,53,6,0,0
REORDER_POINT,2026-01-09,2,2,0,0,53,6,0,0
REORDER_POINT,2026-01-10,4,1,3,0,53,6,0,0
REORDER_POINT,2026-01-11,2,2,0,0,53,6,0,0
REORDER_POINT,2026-01-12,2,1,1,0,53,6,0,0
REORDER_POINT,2026-01-13,1,1,0,11,59,0,0,6
REORDER_POINT,2026-01-14,3,3,0,10,59,0,0,0
REORDER_POINT,2026-01-15,0,0,0,13,59,0,0,0
REORDER_POINT,2026-01-16,2,2,0,16,59,0,0,0
REORDER_POINT,2026-01-17,2,2,0,15,59,0,0,0
REORDER_POINT,2026-01-18,4,4,0,11,59,0,0,0
REORDER_POINT,2026-01-19,1,1,0,12,59,0,0,0
REORDER_POINT,2026-01-20,2,2,0,12,59,0,0,0
REORDER_POINT,2026-01-21,1,1,0,13,59,0,0,0
REORDER_POINT,2026-01-22,2,2,0,15,59,0,0,0
REORDER_POINT,2026-01-23,0,0,0,17,59,0,0,0
REORDER_POINT,2026-01-24,4,4,0,15,59,0,0,0
REORDER_POINT,2026-01-25,1,1,0,17,59,0,0,0
REORDER_POINT,2026-01-26,4,4,0,19,59,0,0,0
REORDER_POINT,2026-01-27,2,2,0,19,59,0,0,0
REORDER_POINT,2026-01-28,2,2,0,20,59,0,0,0
REORDER_POINT,2026-01-29,0,0,0,24,59,0,0,0
REORDER_POINT,2026-01-30,2,2,0,23,59,0,0,0
REORDER_POINT,2026-01-31,0,0,0,25,59,0,0,0
REORDER_POINT,2026-02-01,4,4,0,24,59,0,0,0
REORDER_POINT,2026-02-02,3,3,0,23,59,0,0,0
REORDER_POINT,2026-02-03,1,1,0,25,59,0,0,0
REORDER_POINT,2026-02-04,1,1,0,27,59,0,0,0
REORDER_POINT,2026-02-05,0,0,0,30,59,0,0,0
REORDER_POINT,2026-02-06,1,1,0,32,59,0,0,0
REORDER_POINT,2026-02-07,3,3,0,32,59,0,0,0
REORDER_POINT,2026-02-08,2,2,0,33,59,0,0,0
REORDER_POINT,2026-02-09,0,0,0,33,59,0,0,0
REORDER_POINT,2026-02-10,4,4,0,30,59,0,0,0
REORDER_POINT,2026-02-11,1,1,0,30,59,0,0,0
REORDER_POINT,2026-02-12,1,1,0,31,59,0,0,0
REORDER_POINT,2026-02-13,2,2,0,32,59,0,0,0
REORDER_POINT,2026-02-14,3,3,0,31,59,0,0,0
REORDER_POINT,2026-02-15,2,2,0,31,59,0,0,0
REORDER_POINT,2026-02-16,1,1,0,32,59,0,0,0
REORDER_POINT,2026-02-17,4,4,0,29,59,0,0,0
REORDER_POINT,2026-02-18,2,2,0,28,59,0,0,0
REORDER_POINT,2026-02-19,2,2,0,27,59,0,0,0
REORDER_POINT,2026-02-20,0,0,0,27,59,0,0,0
REORDER_POINT,2026-02-21,0,0,0,29,59,0,0,0
REORDER_POINT,2026-02-22,0,0,0,30,59,0,0,0
REORDER_POINT,2026-02-23,1,1,0,30,59,0,0,0
REORDER_POINT,2026-02-24,1,1,0,32,59,0,0,0
REORDER_POINT,2026-02-25,2,2,0,30,59,0,0,0
REORDER_POINT,2026-02-26,5,5,0,25,59,0,0,0
REORDER_POINT,2026-02-27,3,3,0,26,59,0,0,0
REORDER_POINT,2026-02-28,4,4,0,25,59,0,0,0
REORDER_POINT,2026-03-01,3,3,0,23,59,0,0,0
REORDER_POINT,2026-03-02,5,5,0,20,59,0,0,0
REORDER_POINT,2026-03-03,8,8,0,15,59,0,0,0
REORDER_POINT,2026-03-04,7,7,0,11,59,0,0,0
REORDER_POINT,2026-03-05,3,3,0,10,59,0,0,0
REORDER_POINT,2026-03-06,3,3,0,11,59,0,0,0
REORDER_POINT,2026-03-07,2,2,0,9,59,0,0,0
REORDER_POINT,2026-03-08,6,6,0,7,59,0,0,0
REORDER_POINT,2026-03-09,5,5,0,5,59,0,0,0
REORDER_POINT,2026-03-10,3,3,0,6,59,0,0,0
REORDER_POINT,2026-03-11,1,1,0,7,59,0,0,0
REORDER_POINT,2026-03-12,3,3,0,5,59,0,0,0
REORDER_POINT,2026-03-13,5,5,0,4,59,0,0,0
REORDER_POINT,2026-03-14,3,3,0,5,59,0,0,0
REORDER_POINT,2026-03-15,3,3,0,5,59,0,0,0
REORDER_POINT,2026-03-16,3,3,0,6,59,0,0,0
REORDER_POINT,2026-03-17,2,2,0,7,59,0,0,0
REORDER_POINT,2026-03-18,0,0,0,8,59,0,0,0
REORDER_POINT,2026-03-19,3,3,0,7,59,0,0,0
REORDER_POINT,2026-03-20,2,2,0,7,59,0,0,0
REORDER_POINT,2026-03-21,2,2,0,8,59,0,0,0
REORDER_POINT,2026-03-22,3,3,0,10,59,0,0,0
REORDER_POINT,2026-03-23,2,2,0,9,59,0,0,0
REORDER_POINT,2026-03-24,1,1,0,10,59,0,0,0
REORDER_POINT,2026-03-25,4,4,0,12,59,0,0,0
REORDER_POINT,2026-03-26,1,1,0,15,59,0,0,0
REORDER_POINT,2026-03-27,2,2,0,15,59,0,0,0
REORDER_POINT,2026-03-28,2,2,0,15,59,0,0,0
REORDER_POINT,2026-03-29,3,3,0,13,59,0,0,0
REORDER_POINT,2026-03-30,3,3,0,12,59,0,0,0
REORDER_POINT,2026-03-31,3,3,0,11,59,0,0,0
REORDER_POINT,2026-04-01,3,3,0,9,59,0,0,0
REORDER_POINT,2026-04-02,1,1,0,15,59,0,0,0
REORDER_POINT,2026-04-03,2,2,0,14,59,0,0,0
REORDER_POINT,2026-04-04,4,4,0,16,59,0,0,0
REORDER_POINT,2026-04-05,2,2,0,16,59,0,0,0
REORDER_POINT,2026-04-06,2,2,0,18,59,0,0,0
REORDER_POINT,2026-04-07,4,4,0,16,59,0,0,0
REORDER_POINT,2026-04-08,2,2,0,19,59,0,0,0
REORDER_POINT,2026-04-09,1,1,0,24,59,0,0,0
REORDER_POINT,2026-04-10,1,1,0,28,59,0,0,0
REORDER_POINT,2026-04-11,6,6,0,22,59,0,0,0
REORDER_POINT,2026-04-12,2,2,0,22,59,0,0,0
REORDER_POINT,2026-04-13,6,6,0,20,59,0,0,0
REORDER_POINT,2026-04-14,2,2,0,18,59,0,0,0
REORDER_POINT,2026-04-15,2,2,0,16,59,0,0,0
REORDER_POINT,2026-04-16,5,5,0,14,59,0,0,0
REORDER_POINT,2026-04-17,2,2,0,14,59,0,0,0
REORDER_POINT,2026-04-18,2,2,0,12,59,0,0,0
REORDER_POINT,2026-04-19,3,3,0,12,59,0,0,0
REORDER_POINT,2026-04-20,3,3,0,9,59,0,0,0
REORDER_POINT,2026-04-21,1,1,0,12,59,0,0,0
REORDER_POINT,2026-04-22,3,3,0,11,59,0,0,0
REORDER_POINT,2026-04-23,7,7,0,5,59,0,0,0
REORDER_POINT,2026-04-24,2,2,0,4,59,0,0,0
REORDER_POINT,2026-04-25,5,5,0,3,59,0,0,0
REORDER_POINT,2026-04-26,3,3,0,2,59,0,0,0
REORDER_POINT,2026-04-27,5,5,0,0,59,0,0,0
REORDER_POINT,2026-04-28,4,4,0,0,59,6,6,0
REORDER_POINT,2026-04-29,2,2,0,0,59,6,0,0
REORDER_POINT,2026-04-30,4,4,0,1,59,6,0,0
REORDER_POINT,2026-05-01,4,4,0,2,59,6,0,0
REORDER_POINT,2026-05-02,2,2,0,1,59,6,0,0
REORDER_POINT,2026-05-03,3,3,0,0,59,6,0,0
REORDER_POINT,2026-05-04,3,2,1,0,59,6,0,0
REORDER_POINT,2026-05-05,1,1,0,2,59,6,0,0
REORDER_POINT,2026-05-06,4,4,0,0,59,6,0,0
REORDER_POINT,2026-05-07,3,3,0,1,59,6,0,0
REORDER_POINT,2026-05-08,3,2,1,0,59,6,0,0
REORDER_POINT,2026-05-09,5,2,3,0,59,6,0,0
REORDER_POINT,2026-05-10,6,5,1,0,59,6,0,0
REORDER_POINT,2026-05-11,5,5,0,2,59,6,0,0
REORDER_POINT,2026-05-12,1,1,0,9,65,0,0,6
REORDER_POINT,2026-05-13,5,5,0,10,65,0,0,0
REORDER_POINT,2026-05-14,3,3,0,10,65,0,0,0
REORDER_POINT,2026-05-15,3,3,0,9,65,0,0,0
REORDER_POINT,2026-05-16,3,3,0,9,65,0,0,0
REORDER_POINT,2026-05-17,4,4,0,9,65,0,0,0
REORDER_POINT,2026-05-18,3,3,0,9,65,0,0,0
REORDER_POINT,2026-05-19,1,1,0,12,65,0,0,0
REORDER_POINT,2026-05-20,1,1,0,15,65,0,0,0
REORDER_POINT,2026-05-21,3,3,0,18,65,0,0,0
REORDER_POINT,2026-05-22,0,0,0,23,65,0,0,0
REORDER_POINT,2026-05-23,3,3,0,22,65,0,0,0
REORDER_POINT,2026-05-24,5,5,0,20,65,0,0,0
REORDER_POINT,2026-05-25,1,1,0,21,65,0,0,0
REORDER_POINT,2026-05-26,3,3,0,21,65,0,0,0
REORDER_POINT,2026-05-27,3,3,0,23,65,0,0,0
REORDER_POINT,2026-05-28,1,1,0,24,65,0,0,0
REORDER_POINT,2026-05-29,4,4,0,21,65,0,0,0
REORDER_POINT,2026-05-30,5,5,0,22,65,0,0,0
REORDER_POINT,2026-05-31,3,3,0,25,65,0,0,0
REORDER_POINT,2026-06-01,4,4,0,23,65,0,0,0
REORDER_POINT,2026-06-02,2,2,0,26,65,0,0,0
REORDER_POINT,2026-06-03,3,3,0,24,65,0,0,0
REORDER_POINT,2026-06-04,4,4,0,21,65,0,0,0
REORDER_POINT,2026-06-05,2,2,0,21,65,0,0,0
REORDER_POINT,2026-06-06,6,6,0,18,65,0,0,0
REORDER_POINT,2026-06-07,3,3,0,15,65,0,0,0
REORDER_POINT,2026-06-08,4,4,0,13,65,0,0,0
REORDER_POINT,2026-06-09,0,0,0,16,65,0,0,0
REORDER_POINT,2026-06-10,2,2,0,14,65,0,0,0
REORDER_POINT,2026-06-11,3,3,0,12,65,0,0,0
REORDER_POINT,2026-06-12,0,0,0,15,65,0,0,0
REORDER_POINT,2026-06-13,4,4,0,14,65,0,0,0
REORDER_POINT,2026-06-14,3,3,0,14,65,0,0,0
REORDER_POINT,2026-06-15,0,0,0,16,65,0,0,0
REORDER_POINT,2026-06-16,2,2,0,15,65,0,0,0
REORDER_POINT,2026-06-17,4,4,0,13,65,0,0,0
REORDER_POINT,2026-06-18,3,3,0,15,65,0,0,0
REORDER_POINT,2026-06-19,5,5,0,12,65,0,0,0
REORDER_POINT,2026-06-20,1,1,0,13,65,0,0,0
REORDER_POINT,2026-06-21,2,2,0,16,65,0,0,0
REORDER_POINT,2026-06-22,4,4,0,14,65,0,0,0
REORDER_POINT,2026-06-23,4,4,0,13,65,0,0,0
REORDER_POINT,2026-06-24,4,4,0,14,65,0,0,0
REORDER_POINT,2026-06-25,0,0,0,16,65,0,0,0
REORDER_POINT,2026-06-26,2,2,0,17,65,0,0,0
REORDER_POINT,2026-06-27,0,0,0,20,65,0,0,0
REORDER_POINT,2026-06-28,5,5,0,16,65,0,0,0
REORDER_POINT,2026-06-29,2,2,0,18,65,0,0,0
REORDER_POINT,2026-06-30,4,4,0,17,65,0,0,0
REORDER_POINT,2026-07-01,3,3,0,19,65,0,0,0
REORDER_POINT,2026-07-02,2,2,0,21,65,0,0,0
REORDER_POINT,2026-07-03,3,3,0,20,65,0,0,0
REORDER_POINT,2026-07-04,2,2,0,22,65,0,0,0
REORDER_POINT,2026-07-05,5,5,0,23,65,0,0,0
REORDER_POINT,2026-07-06,2,2,0,23,65,0,0,0
REORDER_POINT,2026-07-07,2,2,0,24,65,0,0,0
REORDER_POINT,2026-07-08,1,1,0,26,65,0,0,0
REORDER_POINT,2026-07-09,1,1,0,27,65,0,0,0
REORDER_POINT,2026-07-10,0,0,0,29,65,0,0,0
REORDER_POINT,2026-07-11,3,3,0,27,65,0,0,0
REORDER_POINT,2026-07-12,2,2,0,27,65,0,0,0
REORDER_POINT,2026-07-13,3,3,0,24,65,0,0,0
REORDER_POINT,2026-07-14,1,1,0,25,65,0,0,0
REORDER_POINT,2026-07-15,3,3,0,26,65,0,0,0
REORDER_POINT,2026-07-16,0,0,0,28,65,0,0,0
REORDER_POINT,2026-07-17,3,3,0,28,65,0,0,0
REORDER_POINT,2026-07-18,4,4,0,25,65,0,0,0
REORDER_POINT,2026-07-19,0,0,0,27,65,0,0,0
REORDER_POINT,2026-07-20,2,2,0,26,65,0,0,0
REORDER_POINT,2026-07-21,2,2,0,29,65,0,0,0
REORDER_POINT,2026-07-22,1,1,0,31,65,0,0,0
REORDER_POINT,2026-07-23,2,2,0,31,65,0,0,0
REORDER_POINT,2026-07-24,4,4,0,29,65,0,0,0
REORDER_POINT,2026-07-25,4,4,0,25,65,0,0,0
REORDER_POINT,2026-07-26,1,1,0,28,65,0,0,0
REORDER_POINT,2026-07-27,3,3,0,27,65,0,0,0
REORDER_POINT,2026-07-28,4,4,0,25,65,0,0,0
REORDER_POINT,2026-07-29,2,2,0,24,65,0,0,0
REORDER_POINT,2026-07-30,3,3,0,22,65,0,0,0
REORDER_POINT,2026-07-31,1,1,0,24,65,0,0,0
REORDER_POINT,2026-08-01,2,2,0,27,65,0,0,0
REORDER_POINT,2026-08-02,3,3,0,25,65,0,0,0
REORDER_POINT,2026-08-03,3,3,0,23,65,0,0,0
REORDER_POINT,2026-08-04,2,2,0,26,65,0,0,0
REORDER_POINT,2026-08-05,3,3,0,26,65,0,0,0
REORDER_POINT,2026-08-06,7,7,0,22,65,0,0,0
REORDER_POINT,2026-08-07,7,7,0,20,65,0,0,0
REORDER_POINT,2026-08-08,5,5,0,17,65,0,0,0
REORDER_POINT,2026-08-09,7,7,0,13,65,0,0,0
REORDER_POINT,2026-08-10,1,1,0,15,65,0,0,0
REORDER_POINT,2026-08-11,4,4,0,15,65,0,0,0
REORDER_POINT,2026-08-12,3,3,0,13,65,0,0,0
REORDER_POINT,2026-08-13,1,1,0,13,65,0,0,0
REORDER_POINT,2026-08-14,1,1,0,18,65,0,0,0
REORDER_POINT,2026-08-15,4,4,0,15,65,0,0,0
REORDER_POINT,2026-08-16,2,2,0,15,65,0,0,0
REORDER_POINT,2026-08-17,0,0,0,17,65,0,0,0
REORDER_POINT,2026-08-18,2,2,0,20,65,0,0,0
REORDER_POINT,2026-08-19,0,0,0,24,65,0,0,0
REORDER_POINT,2026-08-20,1,1,0,26,65,0,0,0
REORDER_POINT,2026-08-21,4,4,0,25,65,0,0,0
REORDER_POINT,2026-08-22,4,4,0,24,65,0,0,0
REORDER_POINT,2026-08-23,1,1,0,24,65,0,0,0
REORDER_POINT,2026-08-24,0,0,0,26,65,0,0,0
REORDER_POINT,2026-08-25,3,3,0,24,65,0,0,0
REORDER_POINT,2026-08-26,4,4,0,23,65,0,0,0
REORDER_POINT,2026-08-27,2,2,0,26,65,0,0,0
REORDER_POINT,2026-08-28,4,4,0,24,65,0,0,0
REORDER_POINT,2026-08-29,1,1,0,29,65,0,0,0
REORDER_POINT,2026-08-30,5,5,0,24,65,0,0,0
REORDER_POINT,2026-08-31,4,4,0,22,65,0,0,0
REORDER_POINT,2026-09-01,4,4,0,21,65,0,0,0
REORDER_POINT,2026-09-02,2,2,0,20,65,0,0,0
REORDER_POINT,2026-09-03,3,3,0,18,65,0,0,0
REORDER_POINT,2026-09-04,6,6,0,16,65,0,0,0
REORDER_POINT,2026-09-05,2,2,0,18,65,0,0,0
REORDER_POINT,2026-09-06,5,5,0,14,65,0,0,0
REORDER_POINT,2026-09-07,1,1,0,16,65,0,0,0
REORDER_POINT,2026-09-08,2,2,0,15,65,0,0,0
REORDER_POINT,2026-09-09,4,4,0,17,65,0,0,0
REORDER_POINT,2026-09-10,1,1,0,17,65,0,0,0
REORDER_POINT,2026-09-11,4,4,0,14,65,0,0,0
REORDER_POINT,2026-09-12,5,5,0,12,65,0,0,0
REORDER_POINT,2026-09-13,4,4,0,10,65,0,0,0
REORDER_POINT,2026-09-14,3,3,0,11,65,0,0,0
REORDER_POINT,2026-09-15,2,2,0,10,65,0,0,0
REORDER_POINT,2026-09-16,2,2,0,8,65,0,0,0
REORDER_POINT,2026-09-17,1,1,0,7,65,0,0,0
REORDER_POINT,2026-09-18,4,4,0,5,65,0,0,0
REORDER_POINT,2026-09-19,6,6,0,1,65,0,0,0
REORDER_POINT,2026-09-20,7,5,2,0,65,0,0,0
REORDER_POINT,2026-09-21,3,3,0,4,65,0,0,0
REORDER_POINT,2026-09-22,6,6,0,3,65,0,0,0
REORDER_POINT,2026-09-23,10,5,5,0,65,0,0,0
REORDER_POINT,2026-09-24,4,4,0,1,65,0,0,0
REORDER_POINT,2026-09-25,4,2,2,0,65,0,0,0
REORDER_POINT,2026-09-26,2,2,0,0,65,0,0,0
REORDER_POINT,2026-09-27,4,3,1,0,65,0,0,0
MA30_FIXED_LT,2025-10-28,1,1,0,9,53,45,45,0
MA30_FIXED_LT,2025-10-29,1,1,0,12,53,45,0,0
MA30_FIXED_LT,2025-10-30,0,0,0,16,53,45,0,0
MA30_FIXED_LT,2025-10-31,0,0,0,18,53,45,0,0
MA30_FIXED_LT,2025-11-01,8,8,0,13,53,45,0,0
MA30_FIXED_LT,2025-11-02,4,4,0,11,53,45,0,0
MA30_FIXED_LT,2025-11-03,3,3,0,13,53,45,0,0
MA30_FIXED_LT,2025-11-04,5,5,0,11,53,45,0,0
MA30_FIXED_LT,2025-11-05,2,2,0,12,53,45,0,0
MA30_FIXED_LT,2025-11-06,6,6,0,9,53,45,0,0
MA30_FIXED_LT,2025-11-07,3,3,0,7,53,45,0,0
MA30_FIXED_LT,2025-11-08,4,4,0,6,53,45,0,0
MA30_FIXED_LT,2025-11-09,2,2,0,5,53,45,0,0
MA30_FIXED_LT,2025-11-10,3,3,0,5,53,45,0,0
MA30_FIXED_LT,2025-11-11,1,1,0,53,98,3,3,45
MA30_FIXED_LT,2025-11-12,0,0,0,54,98,3,0,0
MA30_FIXED_LT,2025-11-13,4,4,0,52,98,3,0,0
MA30_FIXED_LT,2025-11-14,0,0,0,54,98,3,0,0
MA30_FIXED_LT,2025-11-15,3,3,0,56,98,3,0,0
MA30_FIXED_LT,2025-11-16,1,1,0,59,98,3,0,0
MA30_FIXED_LT,2025-11-17,4,4,0,58,98,3,0,0
MA30_FIXED_LT,2025-11-18,1,1,0,59,98,3,0,0
MA30_FIXED_LT,2025-11-19,2,2,0,61,98,3,0,0
MA30_FIXED_LT,2025-11-20,0,0,0,63,98,3,0,0
MA30_FIXED_LT,2025-11-21,3,3,0,61,98,3,0,0
MA30_FIXED_LT,2025-11-22,4,4,0,59,98,3,0,0
MA30_FIXED_LT,2025-11-23,6,6,0,57,98,3,0,0
MA30_FIXED_LT,2025-11-24,2,2,0,56,98,3,0,0
MA30_FIXED_LT,2025-11-25,3,3,0,57,101,0,0,3
MA30_FIXED_LT,2025-11-26,1,1,0,57,101,0,0,0
MA30_FIXED_LT,2025-11-27,0,0,0,59,101,0,0,0
MA30_FIXED_LT,2025-11-28,1,1,0,61,101,0,0,0
MA30_FIXED_LT,2025-11-29,3,3,0,58,101,0,0,0
MA30_FIXED_LT,2025-11-30,4,4,0,59,101,0,0,0
MA30_FIXED_LT,2025-12-01,5,5,0,56,101,0,0,0
MA30_FIXED_LT,2025-12-02,2,2,0,57,101,0,0,0
MA30_FIXED_LT,2025-12-03,6,6,0,51,101,0,0,0
MA30_FIXED_LT,2025-12-04,2,2,0,53,101,0,0,0
MA30_FIXED_LT,2025-12-05,5,5,0,53,101,0,0,0
MA30_FIXED_LT,2025-12-06,3,3,0,53,101,0,0,0
MA30_FIXED_LT,2025-12-07,2,2,0,55,101,0,0,0
MA30_FIXED_LT,2025-12-08,3,3,0,55,101,0,0,0
MA30_FIXED_LT,2025-12-09,2,2,0,60,101,0,0,0
MA30_FIXED_LT,2025-12-10,1,1,0,62,101,0,0,0
MA30_FIXED_LT,2025-12-11,0,0,0,67,101,0,0,0
MA30_FIXED_LT,2025-12-12,5,5,0,64,101,0,0,0
MA30_FIXED_LT,2025-12-13,4,4,0,62,101,0,0,0
MA30_FIXED_LT,2025-12-14,4,4,0,60,101,0,0,0
MA30_FIXED_LT,2025-12-15,3,3,0,58,101,0,0,0
MA30_FIXED_LT,2025-12-16,2,2,0,57,101,0,0,0
MA30_FIXED_LT,2025-12-17,2,2,0,57,101,0,0,0
MA30_FIXED_LT,2025-12-18,2,2,0,59,101,0,0,0
MA30_FIXED_LT,2025-12-19,2,2,0,57,101,0,0,0
MA30_FIXED_LT,2025-12-20,1,1,0,58,101,0,0,0
MA30_FIXED_LT,2025-12-21,3,3,0,56,101,0,0,0
MA30_FIXED_LT,2025-12-22,1,1,0,60,101,0,0,0
MA30_FIXED_LT,2025-12-23,5,5,0,57,101,0,0,0
MA30_FIXED_LT,2025-12-24,3,3,0,57,101,0,0,0
MA30_FIXED_LT,2025-12-25,4,4,0,57,101,0,0,0
MA30_FIXED_LT,2025-12-26,2,2,0,56,101,0,0,0
MA30_FIXED_LT,2025-12-27,3,3,0,54,101,0,0,0
MA30_FIXED_LT,2025-12-28,4,4,0,52,101,0,0,0
MA30_FIXED_LT,2025-12-29,5,5,0,52,101,0,0,0
MA30_FIXED_LT,2025-12-30,0,0,0,52,101,0,0,0
MA30_FIXED_LT,2025-12-31,4,4,0,52,101,0,0,0
MA30_FIXED_LT,2026-01-01,2,2,0,53,101,0,0,0
MA30_FIXED_LT,2026-01-02,2,2,0,52,101,0,0,0
MA30_FIXED_LT,2026-01-03,8,8,0,45,101,0,0,0
MA30_FIXED_LT,2026-01-04,7,7,0,41,101,0,0,0
MA30_FIXED_LT,2026-01-05,1,1,0,41,101,0,0,0
MA30_FIXED_LT,2026-01-06,4,4,0,42,101,7,7,0
MA30_FIXED_LT,2026-01-07,2,2,0,42,101,7,0,0
MA30_FIXED_LT,2026-01-08,3,3,0,42,101,7,0,0
MA30_FIXED_LT,2026-01-09,2,2,0,41,101,7,0,0
MA30_FIXED_LT,2026-01-10,4,4,0,39,101,7,0,0
MA30_FIXED_LT,2026-01-11,2,2,0,39,101,7,0,0
MA30_FIXED_LT,2026-01-12,2,2,0,40,101,7,0,0
MA30_FIXED_LT,2026-01-13,1,1,0,46,101,7,0,0
MA30_FIXED_LT,2026-01-14,3,3,0,45,101,7,0,0
MA30_FIXED_LT,2026-01-15,0,0,0,48,101,7,0,0
MA30_FIXED_LT,2026-01-16,2,2,0,51,101,7,0,0
MA30_FIXED_LT,2026-01-17,2,2,0,50,101,7,0,0
MA30_FIXED_LT,2026-01-18,4,4,0,47,101,7,0,0
MA30_FIXED_LT,2026-01-19,1,1,0,48,101,7,0,0
MA30_FIXED_LT,2026-01-20,2,2,0,55,108,0,0,7
MA30_FIXED_LT,2026-01-21,1,1,0,57,108,0,0,0
MA30_FIXED_LT,2026-01-22,2,2,0,59,108,0,0,0
MA30_FIXED_LT,2026-01-23,0,0,0,62,108,0,0,0
MA30_FIXED_LT,2026-01-24,4,4,0,60,108,0,0,0
MA30_FIXED_LT,2026-01-25,1,1,0,63,108,0,0,0
MA30_FIXED_LT,2026-01-26,4,4,0,65,108,0,0,0
MA30_FIXED_LT,2026-01-27,2,2,0,65,108,0,0,0
MA30_FIXED_LT,2026-01-28,2,2,0,66,108,0,0,0
MA30_FIXED_LT,2026-01-29,0,0,0,70,108,0,0,0
MA30_FIXED_LT,2026-01-30,2,2,0,69,108,0,0,0
MA30_FIXED_LT,2026-01-31,0,0,0,71,108,0,0,0
MA30_FIXED_LT,2026-02-01,4,4,0,70,108,0,0,0
MA30_FIXED_LT,2026-02-02,3,3,0,70,108,0,0,0
MA30_FIXED_LT,2026-02-03,1,1,0,72,108,0,0,0
MA30_FIXED_LT,2026-02-04,1,1,0,74,108,0,0,0
MA30_FIXED_LT,2026-02-05,0,0,0,77,108,0,0,0
MA30_FIXED_LT,2026-02-06,1,1,0,79,108,0,0,0
MA30_FIXED_LT,2026-02-07,3,3,0,79,108,0,0,0
MA30_FIXED_LT,2026-02-08,2,2,0,80,108,0,0,0
MA30_FIXED_LT,2026-02-09,0,0,0,80,108,0,0,0
MA30_FIXED_LT,2026-02-10,4,4,0,78,108,0,0,0
MA30_FIXED_LT,2026-02-11,1,1,0,78,108,0,0,0
MA30_FIXED_LT,2026-02-12,1,1,0,79,108,0,0,0
MA30_FIXED_LT,2026-02-13,2,2,0,80,108,0,0,0
MA30_FIXED_LT,2026-02-14,3,3,0,79,108,0,0,0
MA30_FIXED_LT,2026-02-15,2,2,0,79,108,0,0,0
MA30_FIXED_LT,2026-02-16,1,1,0,80,108,0,0,0
MA30_FIXED_LT,2026-02-17,4,4,0,77,108,0,0,0
MA30_FIXED_LT,2026-02-18,2,2,0,76,108,0,0,0
MA30_FIXED_LT,2026-02-19,2,2,0,75,108,0,0,0
MA30_FIXED_LT,2026-02-20,0,0,0,75,108,0,0,0
MA30_FIXED_LT,2026-02-21,0,0,0,77,108,0,0,0
MA30_FIXED_LT,2026-02-22,0,0,0,78,108,0,0,0
MA30_FIXED_LT,2026-02-23,1,1,0,78,108,0,0,0
MA30_FIXED_LT,2026-02-24,1,1,0,80,108,0,0,0
MA30_FIXED_LT,2026-02-25,2,2,0,78,108,0,0,0
MA30_FIXED_LT,2026-02-26,5,5,0,73,108,0,0,0
MA30_FIXED_LT,2026-02-27,3,3,0,74,108,0,0,0
MA30_FIXED_LT,2026-02-28,4,4,0,73,108,0,0,0
MA30_FIXED_LT,2026-03-01,3,3,0,71,108,0,0,0
MA30_FIXED_LT,2026-03-02,5,5,0,68,108,0,0,0
MA30_FIXED_LT,2026-03-03,8,8,0,63,108,0,0,0
MA30_FIXED_LT,2026-03-04,7,7,0,59,108,0,0,0
MA30_FIXED_LT,2026-03-05,3,3,0,58,108,0,0,0
MA30_FIXED_LT,2026-03-06,3,3,0,59,108,0,0,0
MA30_FIXED_LT,2026-03-07,2,2,0,57,108,0,0,0
MA30_FIXED_LT,2026-03-08,6,6,0,55,108,0,0,0
MA30_FIXED_LT,2026-03-09,5,5,0,53,108,0,0,0
MA30_FIXED_LT,2026-03-10,3,3,0,54,108,0,0,0
MA30_FIXED_LT,2026-03-11,1,1,0,55,108,0,0,0
MA30_FIXED_LT,2026-03-12,3,3,0,53,108,0,0,0
MA30_FIXED_LT,2026-03-13,5,5,0,52,108,0,0,0
MA30_FIXED_LT,2026-03-14,3,3,0,53,108,0,0,0
MA30_FIXED_LT,2026-03-15,3,3,0,54,108,0,0,0
MA30_FIXED_LT,2026-03-16,3,3,0,55,108,0,0,0
MA30_FIXED_LT,2026-03-17,2,2,0,56,108,0,0,0
MA30_FIXED_LT,2026-03-18,0,0,0,57,108,0,0,0
MA30_FIXED_LT,2026-03-19,3,3,0,56,108,0,0,0
MA30_FIXED_LT,2026-03-20,2,2,0,56,108,0,0,0
MA30_FIXED_LT,2026-03-21,2,2,0,57,108,0,0,0
MA30_FIXED_LT,2026-03-22,3,3,0,59,108,0,0,0
MA30_FIXED_LT,2026-03-23,2,2,0,58,108,0,0,0
MA30_FIXED_LT,2026-03-24,1,1,0,59,108,0,0,0
MA30_FIXED_LT,2026-03-25,4,4,0,61,108,0,0,0
MA30_FIXED_LT,2026-03-26,1,1,0,64,108,0,0,0
MA30_FIXED_LT,2026-03-27,2,2,0,64,108,0,0,0
MA30_FIXED_LT,2026-03-28,2,2,0,64,108,0,0,0
MA30_FIXED_LT,2026-03-29,3,3,0,62,108,0,0,0
MA30_FIXED_LT,2026-03-30,3,3,0,61,108,0,0,0
MA30_FIXED_LT,2026-03-31,3,3,0,60,108,0,0,0
MA30_FIXED_LT,2026-04-01,3,3,0,58,108,0,0,0
MA30_FIXED_LT,2026-04-02,1,1,0,64,108,0,0,0
MA30_FIXED_LT,2026-04-03,2,2,0,63,108,0,0,0
MA30_FIXED_LT,2026-04-04,4,4,0,65,108,0,0,0
MA30_FIXED_LT,2026-04-05,2,2,0,65,108,0,0,0
MA30_FIXED_LT,2026-04-06,2,2,0,67,108,0,0,0
MA30_FIXED_LT,2026-04-07,4,4,0,65,108,0,0,0
MA30_FIXED_LT,2026-04-08,2,2,0,68,108,0,0,0
MA30_FIXED_LT,2026-04-09,1,1,0,73,108,0,0,0
MA30_FIXED_LT,2026-04-10,1,1,0,77,108,0,0,0
MA30_FIXED_LT,2026-04-11,6,6,0,71,108,0,0,0
MA30_FIXED_LT,2026-04-12,2,2,0,71,108,0,0,0
MA30_FIXED_LT,2026-04-13,6,6,0,69,108,0,0,0
MA30_FIXED_LT,2026-04-14,2,2,0,67,108,0,0,0
MA30_FIXED_LT,2026-04-15,2,2,0,65,108,0,0,0
MA30_FIXED_LT,2026-04-16,5,5,0,63,108,0,0,0
MA30_FIXED_LT,2026-04-17,2,2,0,63,108,0,0,0
MA30_FIXED_LT,2026-04-18,2,2,0,61,108,0,0,0
MA30_FIXED_LT,2026-04-19,3,3,0,61,108,0,0,0
MA30_FIXED_LT,2026-04-20,3,3,0,58,108,0,0,0
MA30_FIXED_LT,2026-04-21,1,1,0,61,108,0,0,0
MA30_FIXED_LT,2026-04-22,3,3,0,60,108,0,0,0
MA30_FIXED_LT,2026-04-23,7,7,0,54,108,0,0,0
MA30_FIXED_LT,2026-04-24,2,2,0,53,108,0,0,0
MA30_FIXED_LT,2026-04-25,5,5,0,52,108,0,0,0
MA30_FIXED_LT,2026-04-26,3,3,0,51,108,0,0,0
MA30_FIXED_LT,2026-04-27,5,5,0,49,108,0,0,0
MA30_FIXED_LT,2026-04-28,4,4,0,49,108,0,0,0
MA30_FIXED_LT,2026-04-29,2,2,0,49,108,0,0,0
MA30_FIXED_LT,2026-04-30,4,4,0,50,108,0,0,0
MA30_FIXED_LT,2026-05-01,4,4,0,51,108,0,0,0
MA30_FIXED_LT,2026-05-02,2,2,0,50,108,0,0,0
MA30_FIXED_LT,2026-05-03,3,3,0,49,108,0,0,0
MA30_FIXED_LT,2026-05-04,3,3,0,48,108,0,0,0
MA30_FIXED_LT,2026-05-05,1,1,0,50,108,3,3,0
MA30_FIXED_LT,2026-05-06,4,4,0,48,108,3,0,0
MA30_FIXED_LT,2026-05-07,3,3,0,49,108,3,0,0
MA30_FIXED_LT,2026-05-08,3,3,0,47,108,3,0,0
MA30_FIXED_LT,2026-05-09,5,5,0,44,108,3,0,0
MA30_FIXED_LT,2026-05-10,6,6,0,43,108,3,0,0
MA30_FIXED_LT,2026-05-11,5,5,0,45,108,3,0,0
MA30_FIXED_LT,2026-05-12,1,1,0,46,108,11,8,0
MA30_FIXED_LT,2026-05-13,5,5,0,47,108,11,0,0
MA30_FIXED_LT,2026-05-14,3,3,0,47,108,11,0,0
MA30_FIXED_LT,2026-05-15,3,3,0,46,108,11,0,0
MA30_FIXED_LT,2026-05-16,3,3,0,47,108,11,0,0
MA30_FIXED_LT,2026-05-17,4,4,0,47,108,11,0,0
MA30_FIXED_LT,2026-05-18,3,3,0,47,108,11,0,0
MA30_FIXED_LT,2026-05-19,1,1,0,53,111,8,0,3
MA30_FIXED_LT,2026-05-20,1,1,0,56,111,8,0,0
MA30_FIXED_LT,2026-05-21,3,3,0,59,111,8,0,0
MA30_FIXED_LT,2026-05-22,0,0,0,64,111,8,0,0
MA30_FIXED_LT,2026-05-23,3,3,0,64,111,8,0,0
MA30_FIXED_LT,2026-05-24,5,5,0,64,111,8,0,0
MA30_FIXED_LT,2026-05-25,1,1,0,65,111,8,0,0
MA30_FIXED_LT,2026-05-26,3,3,0,73,119,0,0,8
MA30_FIXED_LT,2026-05-27,3,3,0,75,119,0,0,0
MA30_FIXED_LT,2026-05-28,1,1,0,76,119,0,0,0
MA30_FIXED_LT,2026-05-29,4,4,0,73,119,0,0,0
MA30_FIXED_LT,2026-05-30,5,5,0,74,119,0,0,0
MA30_FIXED_LT,2026-05-31,3,3,0,77,119,0,0,0
MA30_FIXED_LT,2026-06-01,4,4,0,75,119,0,0,0
MA30_FIXED_LT,2026-06-02,2,2,0,78,119,0,0,0
MA30_FIXED_LT,2026-06-03,3,3,0,77,119,0,0,0
MA30_FIXED_LT,2026-06-04,4,4,0,74,119,0,0,0
MA30_FIXED_LT,2026-06-05,2,2,0,74,119,0,0,0
MA30_FIXED_LT,2026-06-06,6,6,0,71,119,0,0,0
MA30_FIXED_LT,2026-06-07,3,3,0,68,119,0,0,0
MA30_FIXED_LT,2026-06-08,4,4,0,66,119,0,0,0
MA30_FIXED_LT,2026-06-09,0,0,0,69,119,0,0,0
MA30_FIXED_LT,2026-06-10,2,2,0,67,119,0,0,0
MA30_FIXED_LT,2026-06-11,3,3,0,65,119,0,0,0
MA30_FIXED_LT,2026-06-12,0,0,0,68,119,0,0,0
MA30_FIXED_LT,2026-06-13,4,4,0,68,119,0,0,0
MA30_FIXED_LT,2026-06-14,3,3,0,68,119,0,0,0
MA30_FIXED_LT,2026-06-15,0,0,0,70,119,0,0,0
MA30_FIXED_LT,2026-06-16,2,2,0,69,119,0,0,0
MA30_FIXED_LT,2026-06-17,4,4,0,67,119,0,0,0
MA30_FIXED_LT,2026-06-18,3,3,0,69,119,0,0,0
MA30_FIXED_LT,2026-06-19,5,5,0,66,119,0,0,0
MA30_FIXED_LT,2026-06-20,1,1,0,67,119,0,0,0
MA30_FIXED_LT,2026-06-21,2,2,0,70,119,0,0,0
MA30_FIXED_LT,2026-06-22,4,4,0,68,119,0,0,0
MA30_FIXED_LT,2026-06-23,4,4,0,67,119,0,0,0
MA30_FIXED_LT,2026-06-24,4,4,0,68,119,0,0,0
MA30_FIXED_LT,2026-06-25,0,0,0,70,119,0,0,0
MA30_FIXED_LT,2026-06-26,2,2,0,71,119,0,0,0
MA30_FIXED_LT,2026-06-27,0,0,0,74,119,0,0,0
MA30_FIXED_LT,2026-06-28,5,5,0,70,119,0,0,0
MA30_FIXED_LT,2026-06-29,2,2,0,72,119,0,0,0
MA30_FIXED_LT,2026-06-30,4,4,0,71,119,0,0,0
MA30_FIXED_LT,2026-07-01,3,3,0,73,119,0,0,0
MA30_FIXED_LT,2026-07-02,2,2,0,75,119,0,0,0
MA30_FIXED_LT,2026-07-03,3,3,0,74,119,0,0,0
MA30_FIXED_LT,2026-07-04,2,2,0,76,119,0,0,0
MA30_FIXED_LT,2026-07-05,5,5,0,77,119,0,0,0
MA30_FIXED_LT,2026-07-06,2,2,0,77,119,0,0,0
MA30_FIXED_LT,2026-07-07,2,2,0,78,119,0,0,0
MA30_FIXED_LT,2026-07-08,1,1,0,80,119,0,0,0
MA30_FIXED_LT,2026-07-09,1,1,0,81,119,0,0,0
MA30_FIXED_LT,2026-07-10,0,0,0,83,119,0,0,0
MA30_FIXED_LT,2026-07-11,3,3,0,81,119,0,0,0
MA30_FIXED_LT,2026-07-12,2,2,0,81,119,0,0,0
MA30_FIXED_LT,2026-07-13,3,3,0,78,119,0,0,0
MA30_FIXED_LT,2026-07-14,1,1,0,79,119,0,0,0
MA30_FIXED_LT,2026-07-15,3,3,0,80,119,0,0,0
MA30_FIXED_LT,2026-07-16,0,0,0,82,119,0,0,0
MA30_FIXED_LT,2026-07-17,3,3,0,82,119,0,0,0
MA30_FIXED_LT,2026-07-18,4,4,0,79,119,0,0,0
MA30_FIXED_LT,2026-07-19,0,0,0,81,119,0,0,0
MA30_FIXED_LT,2026-07-20,2,2,0,80,119,0,0,0
MA30_FIXED_LT,2026-07-21,2,2,0,83,119,0,0,0
MA30_FIXED_LT,2026-07-22,1,1,0,85,119,0,0,0
MA30_FIXED_LT,2026-07-23,2,2,0,85,119,0,0,0
MA30_FIXED_LT,2026-07-24,4,4,0,83,119,0,0,0
MA30_FIXED_LT,2026-07-25,4,4,0,79,119,0,0,0
MA30_FIXED_LT,2026-07-26,1,1,0,82,119,0,0,0
MA30_FIXED_LT,2026-07-27,3,3,0,81,119,0,0,0
MA30_FIXED_LT,2026-07-28,4,4,0,79,119,0,0,0
MA30_FIXED_LT,2026-07-29,2,2,0,78,119,0,0,0
MA30_FIXED_LT,2026-07-30,3,3,0,76,119,0,0,0
MA30_FIXED_LT,2026-07-31,1,1,0,78,119,0,0,0
MA30_FIXED_LT,2026-08-01,2,2,0,81,119,0,0,0
MA30_FIXED_LT,2026-08-02,3,3,0,79,119,0,0,0
MA30_FIXED_LT,2026-08-03,3,3,0,77,119,0,0,0
MA30_FIXED_LT,2026-08-04,2,2,0,80,119,0,0,0
MA30_FIXED_LT,2026-08-05,3,3,0,80,119,0,0,0
MA30_FIXED_LT,2026-08-06,7,7,0,76,119,0,0,0
MA30_FIXED_LT,2026-08-07,7,7,0,74,119,0,0,0
MA30_FIXED_LT,2026-08-08,5,5,0,71,119,0,0,0
MA30_FIXED_LT,2026-08-09,7,7,0,67,119,0,0,0
MA30_FIXED_LT,2026-08-10,1,1,0,69,119,0,0,0
MA30_FIXED_LT,2026-08-11,4,4,0,69,119,0,0,0
MA30_FIXED_LT,2026-08-12,3,3,0,67,119,0,0,0
MA30_FIXED_LT,2026-08-13,1,1,0,67,119,0,0,0
MA30_FIXED_LT,2026-08-14,1,1,0,72,119,0,0,0
MA30_FIXED_LT,2026-08-15,4,4,0,69,119,0,0,0
MA30_FIXED_LT,2026-08-16,2,2,0,69,119,0,0,0
MA30_FIXED_LT,2026-08-17,0,0,0,71,119,0,0,0
MA30_FIXED_LT,2026-08-18,2,2,0,74,119,0,0,0
MA30_FIXED_LT,2026-08-19,0,0,0,78,119,0,0,0
MA30_FIXED_LT,2026-08-20,1,1,0,80,119,0,0,0
MA30_FIXED_LT,2026-08-21,4,4,0,79,119,0,0,0
MA30_FIXED_LT,2026-08-22,4,4,0,78,119,0,0,0
MA30_FIXED_LT,2026-08-23,1,1,0,78,119,0,0,0
MA30_FIXED_LT,2026-08-24,0,0,0,80,119,0,0,0
MA30_FIXED_LT,2026-08-25,3,3,0,78,119,0,0,0
MA30_FIXED_LT,2026-08-26,4,4,0,77,119,0,0,0
MA30_FIXED_LT,2026-08-27,2,2,0,80,119,0,0,0
MA30_FIXED_LT,2026-08-28,4,4,0,78,119,0,0,0
MA30_FIXED_LT,2026-08-29,1,1,0,83,119,0,0,0
MA30_FIXED_LT,2026-08-30,5,5,0,78,119,0,0,0
MA30_FIXED_LT,2026-08-31,4,4,0,76,119,0,0,0
MA30_FIXED_LT,2026-09-01,4,4,0,75,119,0,0,0
MA30_FIXED_LT,2026-09-02,2,2,0,74,119,0,0,0
MA30_FIXED_LT,2026-09-03,3,3,0,72,119,0,0,0
MA30_FIXED_LT,2026-09-04,6,6,0,70,119,0,0,0
MA30_FIXED_LT,2026-09-05,2,2,0,72,119,0,0,0
MA30_FIXED_LT,2026-09-06,5,5,0,68,119,0,0,0
MA30_FIXED_LT,2026-09-07,1,1,0,70,119,0,0,0
MA30_FIXED_LT,2026-09-08,2,2,0,69,119,0,0,0
MA30_FIXED_LT,2026-09-09,4,4,0,71,119,0,0,0
MA30_FIXED_LT,2026-09-10,1,1,0,71,119,0,0,0
MA30_FIXED_LT,2026-09-11,4,4,0,68,119,0,0,0
MA30_FIXED_LT,2026-09-12,5,5,0,66,119,0,0,0
MA30_FIXED_LT,2026-09-13,4,4,0,64,119,0,0,0
MA30_FIXED_LT,2026-09-14,3,3,0,65,119,0,0,0
MA30_FIXED_LT,2026-09-15,2,2,0,64,119,0,0,0
MA30_FIXED_LT,2026-09-16,2,2,0,62,119,0,0,0
MA30_FIXED_LT,2026-09-17,1,1,0,61,119,0,0,0
MA30_FIXED_LT,2026-09-18,4,4,0,59,119,0,0,0
MA30_FIXED_LT,2026-09-19,6,6,0,55,119,0,0,0
MA30_FIXED_LT,2026-09-20,7,7,0,52,119,0,0,0
MA30_FIXED_LT,2026-09-21,3,3,0,56,119,0,0,0
MA30_FIXED_LT,2026-09-22,6,6,0,55,119,0,0,0
MA30_FIXED_LT,2026-09-23,10,10,0,47,119,0,0,0
MA30_FIXED_LT,2026-09-24,4,4,0,48,119,0,0,0
MA30_FIXED_LT,2026-09-25,4,4,0,45,119,0,0,0
MA30_FIXED_LT,2026-09-26,2,2,0,45,119,0,0,0
MA30_FIXED_LT,2026-09-27,4,4,0,44,119,0,0,0
SMARTBOOK,2025-10-28,1,1,0,9,53,53,53,0
SMARTBOOK,2025-10-29,1,1,0,12,53,53,0,0
SMARTBOOK,2025-10-30,0,0,0,16,53,53,0,0
SMARTBOOK,2025-10-31,0,0,0,18,53,53,0,0
SMARTBOOK,2025-11-01,8,8,0,13,53,53,0,0
SMARTBOOK,2025-11-02,4,4,0,11,53,53,0,0
SMARTBOOK,2025-11-03,3,3,0,13,53,53,0,0
SMARTBOOK,2025-11-04,5,5,0,11,53,56,3,0
SMARTBOOK,2025-11-05,2,2,0,12,53,56,0,0
SMARTBOOK,2025-11-06,6,6,0,9,53,56,0,0
SMARTBOOK,2025-11-07,3,3,0,7,53,56,0,0
SMARTBOOK,2025-11-08,4,4,0,6,53,56,0,0
SMARTBOOK,2025-11-09,2,2,0,5,53,56,0,0
SMARTBOOK,2025-11-10,3,3,0,5,53,56,0,0
SMARTBOOK,2025-11-11,1,1,0,61,106,6,3,53
SMARTBOOK,2025-11-12,0,0,0,62,106,6,0,0
SMARTBOOK,2025-11-13,4,4,0,60,106,6,0,0
SMARTBOOK,2025-11-14,0,0,0,62,106,6,0,0
SMARTBOOK,2025-11-15,3,3,0,64,106,6,0,0
SMARTBOOK,2025-11-16,1,1,0,67,106,6,0,0
SMARTBOOK,2025-11-17,4,4,0,66,106,6,0,0
SMARTBOOK,2025-11-18,1,1,0,70,109,3,0,3
SMARTBOOK,2025-11-19,2,2,0,72,109,3,0,0
SMARTBOOK,2025-11-20,0,0,0,74,109,3,0,0
SMARTBOOK,2025-11-21,3,3,0,72,109,3,0,0
SMARTBOOK,2025-11-22,4,4,0,70,109,3,0,0
SMARTBOOK,2025-11-23,6,6,0,68,109,3,0,0
SMARTBOOK,2025-11-24,2,2,0,67,109,3,0,0
SMARTBOOK,2025-11-25,3,3,0,68,112,3,3,3
SMARTBOOK,2025-11-26,1,1,0,68,112,3,0,0
SMARTBOOK,2025-11-27,0,0,0,70,112,3,0,0
SMARTBOOK,2025-11-28,1,1,0,72,112,3,0,0
SMARTBOOK,2025-11-29,3,3,0,69,112,3,0,0
SMARTBOOK,2025-11-30,4,4,0,70,112,3,0,0
SMARTBOOK,2025-12-01,5,5,0,67,112,3,0,0
SMARTBOOK,2025-12-02,2,2,0,68,112,3,0,0
SMARTBOOK,2025-12-03,6,6,0,62,112,3,0,0
SMARTBOOK,2025-12-04,2,2,0,64,112,3,0,0
SMARTBOOK,2025-12-05,5,5,0,64,112,3,0,0
SMARTBOOK,2025-12-06,3,3,0,64,112,3,0,0
SMARTBOOK,2025-12-07,2,2,0,66,112,3,0,0
SMARTBOOK,2025-12-08,3,3,0,66,112,3,0,0
SMARTBOOK,2025-12-09,2,2,0,74,115,0,0,3
SMARTBOOK,2025-12-10,1,1,0,76,115,0,0,0
SMARTBOOK,2025-12-11,0,0,0,81,115,0,0,0
SMARTBOOK,2025-12-12,5,5,0,78,115,0,0,0
SMARTBOOK,2025-12-13,4,4,0,76,115,0,0,0
SMARTBOOK,2025-12-14,4,4,0,74,115,0,0,0
SMARTBOOK,2025-12-15,3,3,0,72,115,0,0,0
SMARTBOOK,2025-12-16,2,2,0,71,115,3,3,0
SMARTBOOK,2025-12-17,2,2,0,71,115,3,0,0
SMARTBOOK,2025-12-18,2,2,0,73,115,3,0,0
SMARTBOOK,2025-12-19,2,2,0,71,115,3,0,0
SMARTBOOK,2025-12-20,1,1,0,72,115,3,0,0
SMARTBOOK,2025-12-21,3,3,0,70,115,3,0,0
SMARTBOOK,2025-12-22,1,1,0,74,115,3,0,0
SMARTBOOK,2025-12-23,5,5,0,71,115,3,0,0
SMARTBOOK,2025-12-24,3,3,0,71,115,3,0,0
SMARTBOOK,2025-12-25,4,4,0,71,115,3,0,0
SMARTBOOK,2025-12-26,2,2,0,70,115,3,0,0
SMARTBOOK,2025-12-27,3,3,0,68,115,3,0,0
SMARTBOOK,2025-12-28,4,4,0,66,115,3,0,0
SMARTBOOK,2025-12-29,5,5,0,66,115,3,0,0
SMARTBOOK,2025-12-30,0,0,0,69,118,3,3,3
SMARTBOOK,2025-12-31,4,4,0,69,118,3,0,0
SMARTBOOK,2026-01-01,2,2,0,70,118,3,0,0
SMARTBOOK,2026-01-02,2,2,0,69,118,3,0,0
SMARTBOOK,2026-01-03,8,8,0,62,118,3,0,0
SMARTBOOK,2026-01-04,7,7,0,58,118,3,0,0
SMARTBOOK,2026-01-05,1,1,0,58,118,3,0,0
SMARTBOOK,2026-01-06,4,4,0,59,118,6,3,0
SMARTBOOK,2026-01-07,2,2,0,59,118,6,0,0
SMARTBOOK,2026-01-08,3,3,0,59,118,6,0,0
SMARTBOOK,2026-01-09,2,2,0,58,118,6,0,0
SMARTBOOK,2026-01-10,4,4,0,56,118,6,0,0
SMARTBOOK,2026-01-11,2,2,0,56,118,6,0,0
SMARTBOOK,2026-01-12,2,2,0,57,118,6,0,0
SMARTBOOK,2026-01-13,1,1,0,66,121,3,0,3
SMARTBOOK,2026-01-14,3,3,0,65,121,3,0,0
SMARTBOOK,2026-01-15,0,0,0,68,121,3,0,0
SMARTBOOK,2026-01-16,2,2,0,71,121,3,0,0
SMARTBOOK,2026-01-17,2,2,0,70,121,3,0,0
SMARTBOOK,2026-01-18,4,4,0,67,121,3,0,0
SMARTBOOK,2026-01-19,1,1,0,68,121,3,0,0
SMARTBOOK,2026-01-20,2,2,0,71,124,0,0,3
SMARTBOOK,2026-01-21,1,1,0,73,124,0,0,0
SMARTBOOK,2026-01-22,2,2,0,75,124,0,0,0
SMARTBOOK,2026-01-23,0,0,0,78,124,0,0,0
SMARTBOOK,2026-01-24,4,4,0,76,124,0,0,0
SMARTBOOK,2026-01-25,1,1,0,79,124,0,0,0
SMARTBOOK,2026-01-26,4,4,0,81,124,0,0,0
SMARTBOOK,2026-01-27,2,2,0,81,124,0,0,0
SMARTBOOK,2026-01-28,2,2,0,82,124,0,0,0
SMARTBOOK,2026-01-29,0,0,0,86,124,0,0,0
SMARTBOOK,2026-01-30,2,2,0,85,124,0,0,0
SMARTBOOK,2026-01-31,0,0,0,87,124,0,0,0
SMARTBOOK,2026-02-01,4,4,0,86,124,0,0,0
SMARTBOOK,2026-02-02,3,3,0,86,124,0,0,0
SMARTBOOK,2026-02-03,1,1,0,88,124,0,0,0
SMARTBOOK,2026-02-04,1,1,0,90,124,0,0,0
SMARTBOOK,2026-02-05,0,0,0,93,124,0,0,0
SMARTBOOK,2026-02-06,1,1,0,95,124,0,0,0
SMARTBOOK,2026-02-07,3,3,0,95,124,0,0,0
SMARTBOOK,2026-02-08,2,2,0,96,124,0,0,0
SMARTBOOK,2026-02-09,0,0,0,96,124,0,0,0
SMARTBOOK,2026-02-10,4,4,0,94,124,0,0,0
SMARTBOOK,2026-02-11,1,1,0,94,124,0,0,0
SMARTBOOK,2026-02-12,1,1,0,95,124,0,0,0
SMARTBOOK,2026-02-13,2,2,0,96,124,0,0,0
SMARTBOOK,2026-02-14,3,3,0,95,124,0,0,0
SMARTBOOK,2026-02-15,2,2,0,95,124,0,0,0
SMARTBOOK,2026-02-16,1,1,0,96,124,0,0,0
SMARTBOOK,2026-02-17,4,4,0,93,124,0,0,0
SMARTBOOK,2026-02-18,2,2,0,92,124,0,0,0
SMARTBOOK,2026-02-19,2,2,0,91,124,0,0,0
SMARTBOOK,2026-02-20,0,0,0,91,124,0,0,0
SMARTBOOK,2026-02-21,0,0,0,93,124,0,0,0
SMARTBOOK,2026-02-22,0,0,0,94,124,0,0,0
SMARTBOOK,2026-02-23,1,1,0,94,124,0,0,0
SMARTBOOK,2026-02-24,1,1,0,96,124,0,0,0
SMARTBOOK,2026-02-25,2,2,0,94,124,0,0,0
SMARTBOOK,2026-02-26,5,5,0,89,124,0,0,0
SMARTBOOK,2026-02-27,3,3,0,90,124,0,0,0
SMARTBOOK,2026-02-28,4,4,0,89,124,0,0,0
SMARTBOOK,2026-03-01,3,3,0,87,124,0,0,0
SMARTBOOK,2026-03-02,5,5,0,84,124,0,0,0
SMARTBOOK,2026-03-03,8,8,0,79,124,0,0,0
SMARTBOOK,2026-03-04,7,7,0,75,124,0,0,0
SMARTBOOK,2026-03-05,3,3,0,74,124,0,0,0
SMARTBOOK,2026-03-06,3,3,0,75,124,0,0,0
SMARTBOOK,2026-03-07,2,2,0,73,124,0,0,0
SMARTBOOK,2026-03-08,6,6,0,71,124,0,0,0
SMARTBOOK,2026-03-09,5,5,0,69,124,0,0,0
SMARTBOOK,2026-03-10,3,3,0,70,124,3,3,0
SMARTBOOK,2026-03-11,1,1,0,71,124,3,0,0
SMARTBOOK,2026-03-12,3,3,0,69,124,3,0,0
SMARTBOOK,2026-03-13,5,5,0,68,124,3,0,0
SMARTBOOK,2026-03-14,3,3,0,69,124,3,0,0
SMARTBOOK,2026-03-15,3,3,0,70,124,3,0,0
SMARTBOOK,2026-03-16,3,3,0,71,124,3,0,0
SMARTBOOK,2026-03-17,2,2,0,72,124,6,3,0
SMARTBOOK,2026-03-18,0,0,0,73,124,6,0,0
SMARTBOOK,2026-03-19,3,3,0,72,124,6,0,0
SMARTBOOK,2026-03-20,2,2,0,72,124,6,0,0
SMARTBOOK,2026-03-21,2,2,0,73,124,6,0,0
SMARTBOOK,2026-03-22,3,3,0,75,124,6,0,0
SMARTBOOK,2026-03-23,2,2,0,74,124,6,0,0
SMARTBOOK,2026-03-24,1,1,0,78,127,3,0,3
SMARTBOOK,2026-03-25,4,4,0,80,127,3,0,0
SMARTBOOK,2026-03-26,1,1,0,83,127,3,0,0
SMARTBOOK,2026-03-27,2,2,0,83,127,3,0,0
SMARTBOOK,2026-03-28,2,2,0,83,127,3,0,0
SMARTBOOK,2026-03-29,3,3,0,81,127,3,0,0
SMARTBOOK,2026-03-30,3,3,0,80,127,3,0,0
SMARTBOOK,2026-03-31,3,3,0,82,130,3,3,3
SMARTBOOK,2026-04-01,3,3,0,80,130,3,0,0
SMARTBOOK,2026-04-02,1,1,0,86,130,3,0,0
SMARTBOOK,2026-04-03,2,2,0,85,130,3,0,0
SMARTBOOK,2026-04-04,4,4,0,87,130,3,0,0
SMARTBOOK,2026-04-05,2,2,0,87,130,3,0,0
SMARTBOOK,2026-04-06,2,2,0,89,130,3,0,0
SMARTBOOK,2026-04-07,4,4,0,87,130,3,0,0
SMARTBOOK,2026-04-08,2,2,0,90,130,3,0,0
SMARTBOOK,2026-04-09,1,1,0,95,130,3,0,0
SMARTBOOK,2026-04-10,1,1,0,99,130,3,0,0
SMARTBOOK,2026-04-11,6,6,0,93,130,3,0,0
SMARTBOOK,2026-04-12,2,2,0,93,130,3,0,0
SMARTBOOK,2026-04-13,6,6,0,91,130,3,0,0
SMARTBOOK,2026-04-14,2,2,0,92,133,0,0,3
SMARTBOOK,2026-04-15,2,2,0,90,133,0,0,0
SMARTBOOK,2026-04-16,5,5,0,88,133,0,0,0
SMARTBOOK,2026-04-17,2,2,0,88,133,0,0,0
SMARTBOOK,2026-04-18,2,2,0,86,133,0,0,0
SMARTBOOK,2026-04-19,3,3,0,86,133,0,0,0
SMARTBOOK,2026-04-20,3,3,0,83,133,0,0,0
SMARTBOOK,2026-04-21,1,1,0,86,133,0,0,0
SMARTBOOK,2026-04-22,3,3,0,85,133,0,0,0
SMARTBOOK,2026-04-23,7,7,0,79,133,0,0,0
SMARTBOOK,2026-04-24,2,2,0,78,133,0,0,0
SMARTBOOK,2026-04-25,5,5,0,77,133,0,0,0
SMARTBOOK,2026-04-26,3,3,0,76,133,0,0,0
SMARTBOOK,2026-04-27,5,5,0,74,133,0,0,0
SMARTBOOK,2026-04-28,4,4,0,74,133,3,3,0
SMARTBOOK,2026-04-29,2,2,0,74,133,3,0,0
SMARTBOOK,2026-04-30,4,4,0,75,133,3,0,0
SMARTBOOK,2026-05-01,4,4,0,76,133,3,0,0
SMARTBOOK,2026-05-02,2,2,0,75,133,3,0,0
SMARTBOOK,2026-05-03,3,3,0,74,133,3,0,0
SMARTBOOK,2026-05-04,3,3,0,73,133,3,0,0
SMARTBOOK,2026-05-05,1,1,0,75,133,3,0,0
SMARTBOOK,2026-05-06,4,4,0,73,133,3,0,0
SMARTBOOK,2026-05-07,3,3,0,74,133,3,0,0
SMARTBOOK,2026-05-08,3,3,0,72,133,3,0,0
SMARTBOOK,2026-05-09,5,5,0,69,133,3,0,0
SMARTBOOK,2026-05-10,6,6,0,68,133,3,0,0
SMARTBOOK,2026-05-11,5,5,0,70,133,3,0,0
SMARTBOOK,2026-05-12,1,1,0,74,136,3,3,3
SMARTBOOK,2026-05-13,5,5,0,75,136,3,0,0
SMARTBOOK,2026-05-14,3,3,0,75,136,3,0,0
SMARTBOOK,2026-05-15,3,3,0,74,136,3,0,0
SMARTBOOK,2026-05-16,3,3,0,75,136,3,0,0
SMARTBOOK,2026-05-17,4,4,0,75,136,3,0,0
SMARTBOOK,2026-05-18,3,3,0,75,136,3,0,0
SMARTBOOK,2026-05-19,1,1,0,78,136,3,0,0
SMARTBOOK,2026-05-20,1,1,0,81,136,3,0,0
SMARTBOOK,2026-05-21,3,3,0,84,136,3,0,0
SMARTBOOK,2026-05-22,0,0,0,89,136,3,0,0
SMARTBOOK,2026-05-23,3,3,0,89,136,3,0,0
SMARTBOOK,2026-05-24,5,5,0,89,136,3,0,0
SMARTBOOK,2026-05-25,1,1,0,90,136,3,0,0
SMARTBOOK,2026-05-26,3,3,0,93,139,0,0,3
SMARTBOOK,2026-05-27,3,3,0,95,139,0,0,0
SMARTBOOK,2026-05-28,1,1,0,96,139,0,0,0
SMARTBOOK,2026-05-29,4,4,0,93,139,0,0,0
SMARTBOOK,2026-05-30,5,5,0,94,139,0,0,0
SMARTBOOK,2026-05-31,3,3,0,97,139,0,0,0
SMARTBOOK,2026-06-01,4,4,0,95,139,0,0,0
SMARTBOOK,2026-06-02,2,2,0,98,139,0,0,0
SMARTBOOK,2026-06-03,3,3,0,97,139,0,0,0
SMARTBOOK,2026-06-04,4,4,0,94,139,0,0,0
SMARTBOOK,2026-06-05,2,2,0,94,139,0,0,0
SMARTBOOK,2026-06-06,6,6,0,91,139,0,0,0
SMARTBOOK,2026-06-07,3,3,0,88,139,0,0,0
SMARTBOOK,2026-06-08,4,4,0,86,139,0,0,0
SMARTBOOK,2026-06-09,0,0,0,89,139,0,0,0
SMARTBOOK,2026-06-10,2,2,0,87,139,0,0,0
SMARTBOOK,2026-06-11,3,3,0,85,139,0,0,0
SMARTBOOK,2026-06-12,0,0,0,88,139,0,0,0
SMARTBOOK,2026-06-13,4,4,0,88,139,0,0,0
SMARTBOOK,2026-06-14,3,3,0,88,139,0,0,0
SMARTBOOK,2026-06-15,0,0,0,90,139,0,0,0
SMARTBOOK,2026-06-16,2,2,0,89,139,0,0,0
SMARTBOOK,2026-06-17,4,4,0,87,139,0,0,0
SMARTBOOK,2026-06-18,3,3,0,89,139,0,0,0
SMARTBOOK,2026-06-19,5,5,0,86,139,0,0,0
SMARTBOOK,2026-06-20,1,1,0,87,139,0,0,0
SMARTBOOK,2026-06-21,2,2,0,90,139,0,0,0
SMARTBOOK,2026-06-22,4,4,0,88,139,0,0,0
SMARTBOOK,2026-06-23,4,4,0,87,139,0,0,0
SMARTBOOK,2026-06-24,4,4,0,88,139,0,0,0
SMARTBOOK,2026-06-25,0,0,0,90,139,0,0,0
SMARTBOOK,2026-06-26,2,2,0,91,139,0,0,0
SMARTBOOK,2026-06-27,0,0,0,94,139,0,0,0
SMARTBOOK,2026-06-28,5,5,0,90,139,0,0,0
SMARTBOOK,2026-06-29,2,2,0,92,139,0,0,0
SMARTBOOK,2026-06-30,4,4,0,91,139,0,0,0
SMARTBOOK,2026-07-01,3,3,0,93,139,0,0,0
SMARTBOOK,2026-07-02,2,2,0,95,139,0,0,0
SMARTBOOK,2026-07-03,3,3,0,94,139,0,0,0
SMARTBOOK,2026-07-04,2,2,0,96,139,0,0,0
SMARTBOOK,2026-07-05,5,5,0,97,139,0,0,0
SMARTBOOK,2026-07-06,2,2,0,97,139,0,0,0
SMARTBOOK,2026-07-07,2,2,0,98,139,0,0,0
SMARTBOOK,2026-07-08,1,1,0,100,139,0,0,0
SMARTBOOK,2026-07-09,1,1,0,101,139,0,0,0
SMARTBOOK,2026-07-10,0,0,0,103,139,0,0,0
SMARTBOOK,2026-07-11,3,3,0,101,139,0,0,0
SMARTBOOK,2026-07-12,2,2,0,101,139,0,0,0
SMARTBOOK,2026-07-13,3,3,0,98,139,0,0,0
SMARTBOOK,2026-07-14,1,1,0,99,139,0,0,0
SMARTBOOK,2026-07-15,3,3,0,100,139,0,0,0
SMARTBOOK,2026-07-16,0,0,0,102,139,0,0,0
SMARTBOOK,2026-07-17,3,3,0,102,139,0,0,0
SMARTBOOK,2026-07-18,4,4,0,99,139,0,0,0
SMARTBOOK,2026-07-19,0,0,0,101,139,0,0,0
SMARTBOOK,2026-07-20,2,2,0,100,139,0,0,0
SMARTBOOK,2026-07-21,2,2,0,103,139,0,0,0
SMARTBOOK,2026-07-22,1,1,0,105,139,0,0,0
SMARTBOOK,2026-07-23,2,2,0,105,139,0,0,0
SMARTBOOK,2026-07-24,4,4,0,103,139,0,0,0
SMARTBOOK,2026-07-25,4,4,0,99,139,0,0,0
SMARTBOOK,2026-07-26,1,1,0,102,139,0,0,0
SMARTBOOK,2026-07-27,3,3,0,101,139,0,0,0
SMARTBOOK,2026-07-28,4,4,0,99,139,0,0,0
SMARTBOOK,2026-07-29,2,2,0,98,139,0,0,0
SMARTBOOK,2026-07-30,3,3,0,96,139,0,0,0
SMARTBOOK,2026-07-31,1,1,0,98,139,0,0,0
SMARTBOOK,2026-08-01,2,2,0,101,139,0,0,0
SMARTBOOK,2026-08-02,3,3,0,99,139,0,0,0
SMARTBOOK,2026-08-03,3,3,0,97,139,0,0,0
SMARTBOOK,2026-08-04,2,2,0,100,139,0,0,0
SMARTBOOK,2026-08-05,3,3,0,100,139,0,0,0
SMARTBOOK,2026-08-06,7,7,0,96,139,0,0,0
SMARTBOOK,2026-08-07,7,7,0,94,139,0,0,0
SMARTBOOK,2026-08-08,5,5,0,91,139,0,0,0
SMARTBOOK,2026-08-09,7,7,0,87,139,0,0,0
SMARTBOOK,2026-08-10,1,1,0,89,139,0,0,0
SMARTBOOK,2026-08-11,4,4,0,89,139,3,3,0
SMARTBOOK,2026-08-12,3,3,0,87,139,3,0,0
SMARTBOOK,2026-08-13,1,1,0,87,139,3,0,0
SMARTBOOK,2026-08-14,1,1,0,92,139,3,0,0
SMARTBOOK,2026-08-15,4,4,0,89,139,3,0,0
SMARTBOOK,2026-08-16,2,2,0,89,139,3,0,0
SMARTBOOK,2026-08-17,0,0,0,91,139,3,0,0
SMARTBOOK,2026-08-18,2,2,0,94,139,3,0,0
SMARTBOOK,2026-08-19,0,0,0,98,139,3,0,0
SMARTBOOK,2026-08-20,1,1,0,100,139,3,0,0
SMARTBOOK,2026-08-21,4,4,0,99,139,3,0,0
SMARTBOOK,2026-08-22,4,4,0,98,139,3,0,0
SMARTBOOK,2026-08-23,1,1,0,98,139,3,0,0
SMARTBOOK,2026-08-24,0,0,0,100,139,3,0,0
SMARTBOOK,2026-08-25,3,3,0,101,142,3,3,3
SMARTBOOK,2026-08-26,4,4,0,100,142,3,0,0
SMARTBOOK,2026-08-27,2,2,0,103,142,3,0,0
SMARTBOOK,2026-08-28,4,4,0,101,142,3,0,0
SMARTBOOK,2026-08-29,1,1,0,106,142,3,0,0
SMARTBOOK,2026-08-30,5,5,0,101,142,3,0,0
SMARTBOOK,2026-08-31,4,4,0,99,142,3,0,0
SMARTBOOK,2026-09-01,4,4,0,98,142,3,0,0
SMARTBOOK,2026-09-02,2,2,0,97,142,3,0,0
SMARTBOOK,2026-09-03,3,3,0,95,142,3,0,0
SMARTBOOK,2026-09-04,6,6,0,93,142,3,0,0
SMARTBOOK,2026-09-05,2,2,0,95,142,3,0,0
SMARTBOOK,2026-09-06,5,5,0,91,142,3,0,0
SMARTBOOK,2026-09-07,1,1,0,93,142,3,0,0
SMARTBOOK,2026-09-08,2,2,0,95,145,0,0,3
SMARTBOOK,2026-09-09,4,4,0,97,145,0,0,0
SMARTBOOK,2026-09-10,1,1,0,97,145,0,0,0
SMARTBOOK,2026-09-11,4,4,0,94,145,0,0,0
SMARTBOOK,2026-09-12,5,5,0,92,145,0,0,0
SMARTBOOK,2026-09-13,4,4,0,90,145,0,0,0
SMARTBOOK,2026-09-14,3,3,0,91,145,0,0,0
SMARTBOOK,2026-09-15,2,2,0,90,145,3,3,0
SMARTBOOK,2026-09-16,2,2,0,88,145,3,0,0
SMARTBOOK,2026-09-17,1,1,0,87,145,3,0,0
SMARTBOOK,2026-09-18,4,4,0,85,145,3,0,0
SMARTBOOK,2026-09-19,6,6,0,81,145,3,0,0
SMARTBOOK,2026-09-20,7,7,0,78,145,3,0,0
SMARTBOOK,2026-09-21,3,3,0,82,145,3,0,0
SMARTBOOK,2026-09-22,6,6,0,81,145,6,3,0
SMARTBOOK,2026-09-23,10,10,0,73,145,6,0,0
SMARTBOOK,2026-09-24,4,4,0,74,145,6,0,0
SMARTBOOK,2026-09-25,4,4,0,71,145,6,0,0
SMARTBOOK,2026-09-26,2,2,0,71,145,6,0,0
SMARTBOOK,2026-09-27,4,4,0,70,145,6,0,0
