scenario,policy,variant_id,title,total_demand,fulfilled_demand,unmet_demand,fill_rate,stockout_days,stockout_rate,average_inventory,max_inventory,ordered_units,order_count,procurement_cost
BASE,NO_REORDER,fc6d812f-3327-4e4d-a0b1-24463118b162,Nghệ Thuật Giao Tiếp Đỉnh Cao,237,228,9,0.962025,7,0.020896,17,17,0,0,0
BASE,NO_REORDER,9a3f8950-6157-4ed2-ad63-b9c77c1aeb66,Nhà Giả Kim (Tái Bản 2025),37,22,15,0.594595,15,0.044776,2,2,0,0,0
BASE,NO_REORDER,7c0955d6-90a9-43a8-adb8-8f61d82012da,Sức Hút Của Sự Tử Tế,67,52,15,0.776119,15,0.044776,5,5,0,0,0
BASE,NO_REORDER,cf4646e1-6779-441e-824c-855af4eee488,Những Kẻ Âu Lo - Anxious People,57,44,13,0.77193,11,0.032836,4,4,0,0,0
BASE,NO_REORDER,c5b1e6b4-5c12-41e8-bad6-262f60dedfaa,Vượt Côn Đảo (Tái Bản 2025),17,14,3,0.823529,3,0.008955,2,2,0,0,0
BASE,NO_REORDER,e3f4b796-e9f5-4fa9-bd4a-182d92bf9411,Còn Chút Gì Để Nhớ (2022),22,16,6,0.727273,5,0.014925,2,2,0,0,0
BASE,NO_REORDER,de9c3f6b-47a2-4ded-873e-8ffe3a123761,Bí Mật Tối Thượng - The Secret Of Secrets - Bìa Cứng,31,30,1,0.967742,1,0.002985,3,3,0,0,0
BASE,NO_REORDER,24b102fb-3128-467b-814b-4f3b2bdcc8cd,Chiến Lược Mua Bán Và Sáp Nhập Doanh Nghiệp,109,83,26,0.761468,23,0.068657,7,7,0,0,0
BASE,NO_REORDER,2815929a-f172-4186-a2d0-4f3974815d6d,Sắc Lời Đắc Thế,320,235,85,0.734375,55,0.164179,16,16,0,0,0
BASE,NO_REORDER,aef56978-5b40-4932-bc13-785014cdec34,Trưởng Thành Cùng Nỗi Cô Đơn,48,29,19,0.604167,19,0.056716,2,2,0,0,0
BASE,NO_REORDER,5a4a20e8-9b47-48d3-a13b-c6fc0a9e69c1,Lén Nhặt Chuyện Đời,25,22,3,0.88,3,0.008955,2,2,0,0,0
BASE,NO_REORDER,d5c39c3a-6fb8-45c4-a964-6f04fe1e88b9,38 Bức Thư Rockefeller Viết Cho Con Trai,51,30,21,0.588235,18,0.053731,2,2,0,0,0
BASE,NO_REORDER,5d19f364-83cf-4c86-bd82-0a50a8bdab35,Nghĩ Giàu & Làm Giàu (Tái Bản 2020),74,66,8,0.891892,8,0.023881,6,6,0,0,0
BASE,NO_REORDER,06405ece-30aa-4777-aeeb-77db47f1bff1,Phương Pháp Đặt Câu Hỏi Của Socrates,53,34,19,0.641509,18,0.053731,3,3,0,0,0
BASE,NO_REORDER,73611159-559c-4677-97c2-2dd0492c5aad,Con Đường Chẳng Mấy Ai Đi,116,96,20,0.827586,18,0.053731,7,7,0,0,0
BASE,NO_REORDER,2537fa9d-7b69-4bcf-8bda-64737596a4d4,Đi Tìm Lẽ Sống (Tái Bản 2022),217,198,19,0.912442,12,0.035821,14,14,0,0,0
BASE,NO_REORDER,34d95aaf-02b3-4936-8d60-aabe749c1d4a,Tư Duy Của Chiến Lược Gia (Tái Bản 2026),76,48,28,0.631579,26,0.077612,4,4,0,0,0
BASE,NO_REORDER,377b5404-feaf-406b-93f9-c7eb58fd0966,Chuyện ICU - Lá Gan Hạnh Phúc,47,30,17,0.638298,17,0.050746,3,3,0,0,0
BASE,NO_REORDER,7ba7cff0-0ce1-4f92-a6c8-1b9c23f81dc0,Anh Em Nhà Karamazov - Bìa Cứng (Tái Bản 2026),27,18,9,0.666667,7,0.020896,2,2,0,0,0
BASE,NO_REORDER,30d7c81f-4755-4c92-90d0-083c6ca61ab7,Totto-Chan Bên Cửa Sổ - Những Chuyện Tiếp Theo,34,24,10,0.705882,10,0.029851,2,2,0,0,0
BASE,NO_REORDER,43863cd3-f4a1-45ba-a77e-2b6dec97b395,Dune Messiah - Cứu Tinh Xứ Cát,20,18,2,0.9,2,0.00597,2,2,0,0,0
BASE,NO_REORDER,fb50eabe-3cb9-4e7f-8e8d-d310fb341699,Được Học (Tái Bản 2022),68,46,22,0.676471,19,0.056716,3,3,0,0,0
BASE,NO_REORDER,79b70abf-c2b2-4cb1-be5b-6447ed3c8b16,Sống Một Đời Rực Rỡ Dẫu Thế Gian Nhạt Nhòa,56,29,27,0.517857,25,0.074627,2,2,0,0,0
BASE,NO_REORDER,b7d33190-371c-41b4-b2b5-5b23be497d03,Gió Lạnh Đầu Mùa (Tái Bản 2023),31,18,13,0.580645,12,0.035821,2,2,0,0,0
BASE,NO_REORDER,c3bd1092-7d7b-4cad-887c-ae3d5e647e82,Những Bộ Óc Tỷ Đô - Warren Buffett,93,58,35,0.623656,32,0.095522,4,4,0,0,0
BASE,NO_REORDER,ad9e4f54-4a21-4aa9-9284-c51d0427d0bd,Hồ Điệp Và Kình Ngư,26,16,10,0.615385,10,0.029851,2,2,0,0,0
BASE,NO_REORDER,9c061418-bc56-4d66-a66a-7674f7ecc6ca,Beartown - Tập 3 - Những Người Chiến Thắng,58,37,21,0.637931,19,0.056716,3,3,0,0,0
BASE,NO_REORDER,b90f2c79-5509-4d5d-943b-bd823de282de,Nếu Biết Trăm Năm Là Hữu Hạn (Tái Bản 2024),47,33,14,0.702128,13,0.038806,2,2,0,0,0
BASE,NO_REORDER,41c8752a-e477-4b5c-a566-d96a3e42cc30,Cho Tôi Xin Một Vé Đi Tuổi Thơ (Tái Bản 2023),77,49,28,0.636364,26,0.077612,4,4,0,0,0
BASE,NO_REORDER,029c96d7-67b2-4667-94f8-ea53b6980d30,Tôi Là Bêtô (Tái Bản 2023),15,11,4,0.733333,4,0.01194,2,2,0,0,0
BASE,NO_REORDER,a3ac206b-7e9b-4dbd-b059-c116c20657cd,Sứ Mệnh Hail Mary - Project Hail Mary,31,23,8,0.741935,8,0.023881,2,2,0,0,0
BASE,NO_REORDER,f53bd23d-daf2-4e35-9163-2a1fe86535b5,Phương Pháp Đầu Tư Warren Buffett (Tái Bản 2025),120,113,7,0.941667,7,0.020896,10,10,0,0,0
BASE,NO_REORDER,4b6b2955-bd2e-415f-8c37-0e873de42813,Trường Ca Achilles,68,55,13,0.808824,12,0.035821,4,4,0,0,0
BASE,NO_REORDER,76dec7f5-18a3-4e9d-9ad7-b9a28307a45e,Ngôi Thứ Nhất Số Ít,52,22,30,0.423077,30,0.089552,2,2,0,0,0
BASE,NO_REORDER,a9278967-67e4-4363-b583-291abcfa2e2a,Kỵ Sĩ Không Đầu,164,164,0,1,0,0,15,15,0,0,0
BASE,NO_REORDER,aa418a35-8638-411a-95fc-170b94eaa503,Cuộc Đời Của Pi,248,223,25,0.899194,20,0.059701,15,15,0,0,0
BASE,NO_REORDER,cc51e8dd-bffe-4355-b478-870777137ac3,7 Thói Quen Hiệu Quả - Bìa Cứng (Tái Bản 2022),93,75,18,0.806452,17,0.050746,5,5,0,0,0
BASE,NO_REORDER,723b6de0-6287-4c3a-a9b7-8bc6f13f4789,Phương Pháp Học Tập Feynman,137,107,30,0.781022,18,0.053731,8,8,0,0,0
BASE,NO_REORDER,73656bdf-5484-4495-90d6-768ee5034fcf,Những Nỗi Đau Đứt Đoạn,90,64,26,0.711111,21,0.062687,4,4,0,0,0
BASE,NO_REORDER,1de2e665-178a-47bf-b5b7-9e2d03e84ea0,Người Ăn Chay,50,28,22,0.56,19,0.056716,2,2,0,0,0
BASE,NO_REORDER,09c1a1a8-cb1c-40fb-8120-473c749c4439,Những Kẻ Xuất Chúng (Tái Bản 2021),174,174,0,1,0,0,22,22,0,0,0
BASE,NO_REORDER,5eaa5dfa-9938-43e5-aba9-4532caffc20d,Bà Ngoại Tôi Gửi Lời Xin Lỗi (Tái Bản 2023),36,24,12,0.666667,11,0.032836,2,2,0,0,0
BASE,NO_REORDER,a8ab4eb4-d1d9-49e3-ae56-131510154aff,Tôi Thích Dáng Vẻ Nỗ Lực Của Chính Mình,39,29,10,0.74359,10,0.029851,2,2,0,0,0
BASE,NO_REORDER,20792a3e-de78-4ba3-8f04-b702ec44d3a7,Giấu Nếp Cũ Trong Sương,38,19,19,0.5,18,0.053731,2,2,0,0,0
BASE,NO_REORDER,403345b8-9a6d-4d1e-8505-ba07bcdc38ef,Cố Nhân Tình,57,44,13,0.77193,12,0.035821,4,4,0,0,0
BASE,NO_REORDER,77dcac4c-0443-495f-b182-dfa18b3c510a,48 Nguyên Tắc Chủ Chốt Của Quyền Lực (Tái Bản),148,136,12,0.918919,8,0.023881,12,12,0,0,0
BASE,NO_REORDER,56f65076-84d9-4023-8277-d7d08139f19d,Nghệ Thuật Tinh Tế Của Việc Đếch Quan Tâm (Tái Bản 2021),110,96,14,0.872727,14,0.041791,7,7,0,0,0
BASE,NO_REORDER,5f43a665-3ccd-45ca-bbd2-d48c61552ed4,Không Bao Giờ Là Thất Bại! Tất Cả Là Thử Thách (Tái Bản 2023),94,80,14,0.851064,14,0.041791,7,7,0,0,0
BASE,NO_REORDER,bdd2366d-9569-4869-9938-5d74325e73de,Giao Thừa (Tái Bản 2019),43,30,13,0.697674,13,0.038806,3,3,0,0,0
BASE,NO_REORDER,2d6c4938-b407-4254-8267-89d67bf1b832,Cố Định Một Đám Mây (Tái Bản 2023),75,58,17,0.773333,17,0.050746,4,4,0,0,0
BASE,NO_REORDER,e7062139-99aa-4e0d-95db-33f5e11f987f,Dune - Xứ Cát,17,15,2,0.882353,2,0.00597,2,2,0,0,0
BASE,NO_REORDER,7a3855db-1b71-4de7-a099-ce426a5f9b92,Beartown 2 - Chúng Tôi Đấu Với Các Bạn,41,24,17,0.585366,15,0.044776,2,2,0,0,0
BASE,NO_REORDER,4b171cee-eb1e-49c5-9d4f-3ad7ed20f9de,Mẹ Làm Gì Có Ước Mơ,46,24,22,0.521739,22,0.065672,2,2,0,0,0
BASE,NO_REORDER,9cc5f1a7-0710-4501-a1b6-a4e9575196d5,Phương Pháp Kaizen - The Kaizen Way (Tái Bản 2023),103,77,26,0.747573,21,0.062687,7,7,0,0,0
BASE,NO_REORDER,4c69d312-db95-4cb0-b92b-d76d7dfd6d26,Chuyện Người Hà Nội - Tập 1 (Tái Bản),157,137,20,0.872611,18,0.053731,9,9,0,0,0
BASE,NO_REORDER,7216cd71-f236-40d8-b471-950038ba3595,Ngày Xưa Có Một Chuyện Tình - Khổ Nhỏ (Tái Bản 2025),22,16,6,0.727273,6,0.01791,2,2,0,0,0
BASE,NO_REORDER,3ea867cd-26c2-4678-91c4-fe79dd2f314c,30 Tuổi - Mọi Thứ Chỉ Mới Bắt Đầu,65,37,28,0.569231,24,0.071642,3,3,0,0,0
BASE,NO_REORDER,3ee63e00-f1ad-4c7c-b389-6151b4cf4f3f,Thế Giới Qua Đôi Mắt Cá Của Cô Ấy,69,36,33,0.521739,29,0.086567,3,3,0,0,0
BASE,NO_REORDER,cbb835fe-e6f9-4def-83c2-cb596e926767,Cá Voi Tỷ Đô (Tái Bản 2022),85,60,25,0.705882,22,0.065672,4,4,0,0,0
BASE,NO_REORDER,a1feccf3-f32c-41e4-94b3-08c80509cabd,Bí Mật Của Phan Thiên Ân (Tái Bản 2023),81,53,28,0.654321,25,0.074627,4,4,0,0,0
BASE,NO_REORDER,dbb7bfee-b032-445c-b4db-5b39f666bc59,Người Đàn Ông Mang Tên OVE (Tái Bản),113,104,9,0.920354,9,0.026866,9,9,0,0,0
BASE,NO_REORDER,3fcf3a06-cf56-4c10-abd1-a050da083968,Mong Em Đừng Quên Mình Cũng Là Bông Hoa,92,70,22,0.76087,19,0.056716,6,6,0,0,0
BASE,NO_REORDER,9db55cde-04ba-41de-baf9-e080e868e8be,Peter Drucker - Tư Duy Đúng Quản Lý Đúng,68,41,27,0.602941,23,0.068657,4,4,0,0,0
BASE,NO_REORDER,3838b223-627e-4c1d-baaf-813b94bea125,Stop Overthinking,70,59,11,0.842857,11,0.032836,5,5,0,0,0
BASE,NO_REORDER,d9bf27dd-d22c-4f23-8530-d59c2675c5fe,Yêu Những Điều Không Hoàn Hảo (Tái Bản 2025),50,27,23,0.54,23,0.068657,2,2,0,0,0
BASE,NO_REORDER,3eeab019-ed7d-43c6-a1fd-4f70d622a501,Hạ Đỏ (Tái Bản 2022),30,20,10,0.666667,9,0.026866,2,2,0,0,0
BASE,NO_REORDER,cc0a71ab-e0bb-4227-9dcf-d126435e5c1d,Cây Cam Ngọt Của Tôi (Tái Bản 2026),186,160,26,0.860215,21,0.062687,12,12,0,0,0
BASE,NO_REORDER,70dec001-4a12-47f1-a721-02704a816db5,Đi Ra Thế Giới Ngắm Nhìn Bản Thân,58,44,14,0.758621,11,0.032836,4,4,0,0,0
BASE,NO_REORDER,191b9776-aadf-407a-b351-ad534b4dd1fa,Người Giàu Có Nhất Thành Babylon,108,82,26,0.759259,24,0.071642,7,7,0,0,0
BASE,NO_REORDER,bc62419f-b48b-4940-8b56-7419af414113,So do,21,17,4,0.809524,4,0.01194,2,2,0,0,0
BASE,NO_REORDER,e7f7c44e-7544-499d-a212-d3ef242e0ca2,So do,0,0,0,,0,0,2,2,0,0,0
BASE,NO_REORDER,d4af95a6-cb37-4113-a8ea-e411a3194083,Chiec la cuoi cung,176,142,34,0.806818,27,0.080597,9,9,0,0,0
BASE,NO_REORDER,75a81436-94d6-4a99-bd69-67d8d4f4d989,Thuyen bac nho,21,15,6,0.714286,6,0.01791,2,2,0,0,0
BASE,NO_REORDER,9f1ef341-1f66-4222-bdff-a2e16bc0b228,Tam Cam,87,87,0,1,0,0,10,10,0,0,0
BASE,NO_REORDER,4e0f3c7a-7ca7-4ff3-9767-cf16226b21e0,Toi thay hoa vang tren co xanh,17,13,4,0.764706,4,0.01194,2,2,0,0,0
BASE,NO_REORDER,86936782-5b22-4351-a186-842a2dbfe829,Norwegian Wood,923,868,55,0.940412,27,0.080597,53,53,0,0,0
BASE,NO_REORDER,bac33105-63c7-4c1e-b248-dcdc80bde178,One Hundred Years of Solitude,228,228,0,1,0,0,20,20,0,0,0
BASE,NO_REORDER,fba2ecd6-faa9-4cc0-8b8c-48ea3c061a5f,Cho toi xin mot ve di tuoi tho,126,111,15,0.880952,13,0.038806,8,8,0,0,0
BASE,NO_REORDER,0b44cf68-aa1d-4d7e-bd68-17ac2cfee8e0,Dac trung tam ly hoc cua nguoi Viet,103,70,33,0.679612,25,0.074627,5,5,0,0,0
BASE,NO_REORDER,b895862b-45f0-400c-87ce-8d791ff59f3b,Kafka on the Shore,389,385,4,0.989717,2,0.00597,34,34,0,0,0
BASE,NO_REORDER,8aafb186-bfca-418f-8fc1-23905aba4c08,Dế Mèn Phiêu Lưu Ký,12,11,1,0.916667,1,0.002985,2,2,0,0,0
BASE,NO_REORDER,8420a581-4b6a-4045-9b27-fafc3d71d933,Tư Duy Phản Biện,411,409,2,0.995134,2,0.00597,31,31,0,0,0
BASE,NO_REORDER,48803af6-66c3-4cbd-ac51-5be550f88ee3,Project Hail Mary,266,204,62,0.766917,43,0.128358,14,14,0,0,0
BASE,NO_REORDER,3db55781-a092-4169-9224-6648561e5869,Tư Duy Như Kinh Tế Gia,121,105,16,0.867769,11,0.032836,8,8,0,0,0
BASE,NO_REORDER,5030f797-1175-46f3-b092-bca18073fa6e,Tư Duy Ngược,153,147,6,0.960784,5,0.014925,13,13,0,0,0
BASE,NO_REORDER,82ff6d4d-db0a-41dd-9846-af7e15856b29,Babel Hay Sự Cần Thiết Của Bạo Lực,441,419,22,0.950113,12,0.035821,29,29,0,0,0
BASE,NO_REORDER,b3dcca37-bf34-494c-a73e-a508c1d6febc,Mắt Biếc (Tái Bản 2022),22,17,5,0.772727,5,0.014925,2,2,0,0,0
BASE,NO_REORDER,30b3687f-5a49-40b9-81ec-675903560325,Tôi Thấy Hoa Vàng Trên Cỏ Xanh (Tái Bản 2023),68,56,12,0.823529,11,0.032836,5,5,0,0,0
BASE,NO_REORDER,fa2e3c75-6d36-4814-92e8-b0767eccc60c,3 Người Thầy Vĩ Đại (Tái Bản),175,171,4,0.977143,3,0.008955,13,13,0,0,0
BASE,NO_REORDER,5851cb9b-9e1e-4c57-a942-5d5aaeb65d0d,Những Bộ Óc Tỷ Đô - Larry Ellison,105,73,32,0.695238,25,0.074627,5,5,0,0,0
BASE,NO_REORDER,41a4647f-3a55-4dd1-afe1-a4820372a9d3,Hiểu Về Trái Tim (Tái Bản 2023),70,48,22,0.685714,21,0.062687,4,4,0,0,0
BASE,NO_REORDER,e02a87a2-2d93-45b1-99fb-fb520e176589,Đi Qua Hoa Cúc (Tái Bản 2022),20,11,9,0.55,9,0.026866,2,2,0,0,0
BASE,NO_REORDER,439e7f9d-16fb-40ca-be5a-b708191ccdf3,Bố Con Cá Gai (Tái Bản 2026),45,34,11,0.755556,11,0.032836,3,3,0,0,0
BASE,NO_REORDER,763242f9-efe8-499f-9c20-264ab1b9cbb7,Tư Duy Nhanh Và Chậm (Tái Bản 2021),55,32,23,0.581818,22,0.065672,3,3,0,0,0
BASE,NO_REORDER,dc30581d-101a-43b0-92ad-bbf383ca5055,Sống Với Trái Tim Biết Đủ,60,41,19,0.683333,18,0.053731,3,3,0,0,0
BASE,NO_REORDER,bd8d5784-c9c9-4b87-96e7-432df90b69bf,Những Quy Luật Của Bản Chất Con Người,90,64,26,0.711111,22,0.065672,4,4,0,0,0
BASE,NO_REORDER,6bd56470-000d-4df2-bad7-c1452d98e9e4,"Beartown - Thị Trấn Nhỏ, Giấc Mơ Lớn",45,38,7,0.844444,7,0.020896,3,3,0,0,0
BASE,NO_REORDER,9f770969-8a8c-4804-b3ac-fafb8d57bc1e,Từ Tốt Đến Vĩ Đại (Tái Bản 2021),128,122,6,0.953125,4,0.01194,11,11,0,0,0
BASE,NO_REORDER,49f2117e-ce79-415d-99cd-e05b713ed7b2,Binh Pháp Tôn Tử Và Nghệ Thuật Kiếm Tiền (Tái Bản 2025),97,88,9,0.907216,7,0.020896,7,7,0,0,0
BASE,NO_REORDER,6c15fe64-6e2a-472e-a8bb-6fff8b7e5846,Nghệ Thuật Tư Duy Chiến Lược,199,188,11,0.944724,9,0.026866,15,15,0,0,0
BASE,NO_REORDER,4e338753-2e07-41a8-82e1-5f6cafd4d09e,Sưởi Ấm Mặt Trời,77,62,15,0.805195,12,0.035821,5,5,0,0,0
BASE,NO_REORDER,17a254a4-ab51-4e36-b7d1-e2a0b4f0a2af,Người Bà Tài Giỏi Vùng Saga,17,15,2,0.882353,2,0.00597,2,2,0,0,0
BASE,NO_REORDER,b730afae-cc77-434c-842c-13373e4ab9cb,Saigon In My Memories,40,26,14,0.65,13,0.038806,2,2,0,0,0
BASE,NO_REORDER,30a10853-4a35-406f-811a-e8ef09eb77a4,Điều Kỳ Diệu Của Tiệm Tạp Hóa Namiya,74,49,25,0.662162,22,0.065672,4,4,0,0,0
BASE,NO_REORDER,9e9b21a8-e6f1-4ed7-a890-b36c2cd3f15c,Giao Tiếp Bất Bạo Động,62,41,21,0.66129,20,0.059701,3,3,0,0,0
BASE,NO_REORDER,ac064e08-c9a8-497d-8a00-145d405ec593,Lời Thú Tội Của Một Sát Thủ Kinh Tế - Bìa Cứng (Tái Bản 2023),98,62,36,0.632653,31,0.092537,5,5,0,0,0
BASE,NO_REORDER,9592f565-f402-4f16-a47c-e22f4c45f5ce,Chiếc Nhẫn Bằng Thép (Tái Bản 2024),87,74,13,0.850575,12,0.035821,5,5,0,0,0
BASE,NO_REORDER,39c4df9c-c3ac-4b56-8274-40118c7d9878,Bí Mật Của May Mắn - Khổ Lớn (Tái Bản 2021),98,71,27,0.72449,25,0.074627,5,5,0,0,0
BASE,NO_REORDER,7ffb7ef3-1a70-4f98-837d-a8b309b3915d,Đàn Ông Sao Hỏa Đàn Bà Sao Kim,79,53,26,0.670886,23,0.068657,4,4,0,0,0
BASE,NO_REORDER,206db08a-7df7-4a7c-9ee3-c771fe2cc502,Gửi Đến Bạn Một Cái Ôm Ấm Áp,63,53,10,0.84127,10,0.029851,4,4,0,0,0
BASE,NO_REORDER,fc3cf3ec-728a-4f0c-8792-dfa9d883a7ec,999 Lá Thư Gửi Cho Chính Mình (Tái Bản 2024),36,23,13,0.638889,11,0.032836,2,2,0,0,0
BASE,NO_REORDER,20011b9b-09c2-4fc0-9ecd-63eac530b4f9,Nhật Ký Đặng Thùy Trâm (Tái Bản 2026),42,27,15,0.642857,14,0.041791,2,2,0,0,0
BASE,NO_REORDER,6f6c5213-f4db-4ff4-a367-989230e288e4,Thiên Cơ - Secret,64,42,22,0.65625,21,0.062687,3,3,0,0,0
BASE,NO_REORDER,47a161c1-e2da-48c3-84eb-baac749b69e9,Vừa Nhắm Mắt Vừa Mở Cửa Số (Tái Bản 2022),26,20,6,0.769231,6,0.01791,2,2,0,0,0
BASE,REORDER_POINT,fc6d812f-3327-4e4d-a0b1-24463118b162,Nghệ Thuật Giao Tiếp Đỉnh Cao,237,237,0,1,0,0,23.191045,29,12,2,996000
BASE,REORDER_POINT,9a3f8950-6157-4ed2-ad63-b9c77c1aeb66,Nhà Giả Kim (Tái Bản 2025),37,36,1,0.972973,1,0.002985,11.549254,16,14,2,1064000
BASE,REORDER_POINT,7c0955d6-90a9-43a8-adb8-8f61d82012da,Sức Hút Của Sự Tử Tế,67,66,1,0.985075,1,0.002985,14.58209,15,10,1,510000
BASE,REORDER_POINT,cf4646e1-6779-441e-824c-855af4eee488,Những Kẻ Âu Lo - Anxious People,57,57,0,1,0,0,13.58209,14,10,1,1530000
BASE,REORDER_POINT,c5b1e6b4-5c12-41e8-bad6-262f60dedfaa,Vượt Côn Đảo (Tái Bản 2025),17,17,0,1,0,0,10.623881,11,9,1,720000
BASE,REORDER_POINT,e3f4b796-e9f5-4fa9-bd4a-182d92bf9411,Còn Chút Gì Để Nhớ (2022),22,22,0,1,0,0,11.402985,16,14,2,1316000
BASE,REORDER_POINT,de9c3f6b-47a2-4ded-873e-8ffe3a123761,Bí Mật Tối Thượng - The Secret Of Secrets - Bìa Cứng,31,31,0,1,0,0,9.707463,10,7,1,2696400
BASE,REORDER_POINT,24b102fb-3128-467b-814b-4f3b2bdcc8cd,Chiến Lược Mua Bán Và Sáp Nhập Doanh Nghiệp,109,109,0,1,0,0,18.865672,22,15,2,3540000
BASE,REORDER_POINT,2815929a-f172-4186-a2d0-4f3974815d6d,Sắc Lời Đắc Thế,320,317,3,0.990625,3,0.008955,32.256716,37,21,3,1890000
BASE,REORDER_POINT,aef56978-5b40-4932-bc13-785014cdec34,Trưởng Thành Cùng Nỗi Cô Đơn,48,48,0,1,0,0,10.623881,11,9,1,789750
BASE,REORDER_POINT,5a4a20e8-9b47-48d3-a13b-c6fc0a9e69c1,Lén Nhặt Chuyện Đời,25,25,0,1,0,0,9.665672,10,8,1,544000
BASE,REORDER_POINT,d5c39c3a-6fb8-45c4-a964-6f04fe1e88b9,38 Bức Thư Rockefeller Viết Cho Con Trai,51,51,0,1,0,0,14.743284,17,15,2,1380000
BASE,REORDER_POINT,5d19f364-83cf-4c86-bd82-0a50a8bdab35,Nghĩ Giàu & Làm Giàu (Tái Bản 2020),74,74,0,1,0,0,15.095522,18,12,2,960000
BASE,REORDER_POINT,06405ece-30aa-4777-aeeb-77db47f1bff1,Phương Pháp Đặt Câu Hỏi Của Socrates,53,53,0,1,0,0,12.58209,13,10,1,660000
BASE,REORDER_POINT,73611159-559c-4677-97c2-2dd0492c5aad,Con Đường Chẳng Mấy Ai Đi,116,116,0,1,0,0,18.516418,20,13,2,1458600
BASE,REORDER_POINT,2537fa9d-7b69-4bcf-8bda-64737596a4d4,Đi Tìm Lẽ Sống (Tái Bản 2022),217,214,3,0.986175,2,0.00597,22.173134,27,13,2,832000
BASE,REORDER_POINT,34d95aaf-02b3-4936-8d60-aabe749c1d4a,Tư Duy Của Chiến Lược Gia (Tái Bản 2026),76,74,2,0.973684,1,0.002985,14.361194,19,15,2,1875000
BASE,REORDER_POINT,377b5404-feaf-406b-93f9-c7eb58fd0966,Chuyện ICU - Lá Gan Hạnh Phúc,47,45,2,0.957447,2,0.00597,12.58209,13,10,1,1200000
BASE,REORDER_POINT,7ba7cff0-0ce1-4f92-a6c8-1b9c23f81dc0,Anh Em Nhà Karamazov - Bìa Cứng (Tái Bản 2026),27,26,1,0.962963,1,0.002985,11.58209,12,10,1,3920000
BASE,REORDER_POINT,30d7c81f-4755-4c92-90d0-083c6ca61ab7,Totto-Chan Bên Cửa Sổ - Những Chuyện Tiếp Theo,34,34,0,1,0,0,10.623881,11,9,1,1116000
BASE,REORDER_POINT,43863cd3-f4a1-45ba-a77e-2b6dec97b395,Dune Messiah - Cứu Tinh Xứ Cát,20,20,0,1,0,0,10.623881,11,9,1,1498500
BASE,REORDER_POINT,fb50eabe-3cb9-4e7f-8e8d-d310fb341699,Được Học (Tái Bản 2022),68,68,0,1,0,0,13.656716,17,14,2,1918000
BASE,REORDER_POINT,79b70abf-c2b2-4cb1-be5b-6447ed3c8b16,Sống Một Đời Rực Rỡ Dẫu Thế Gian Nhạt Nhòa,56,56,0,1,0,0,13.429851,16,14,2,1083600
BASE,REORDER_POINT,b7d33190-371c-41b4-b2b5-5b23be497d03,Gió Lạnh Đầu Mùa (Tái Bản 2023),31,31,0,1,0,0,10.623881,11,9,1,495000
BASE,REORDER_POINT,c3bd1092-7d7b-4cad-887c-ae3d5e647e82,Những Bộ Óc Tỷ Đô - Warren Buffett,93,93,0,1,0,0,17.370149,19,15,2,1815000
BASE,REORDER_POINT,ad9e4f54-4a21-4aa9-9284-c51d0427d0bd,Hồ Điệp Và Kình Ngư,26,26,0,1,0,0,11.58209,12,10,1,1116000
BASE,REORDER_POINT,9c061418-bc56-4d66-a66a-7674f7ecc6ca,Beartown - Tập 3 - Những Người Chiến Thắng,58,57,1,0.982759,1,0.002985,12.58209,13,10,1,3060000
BASE,REORDER_POINT,b90f2c79-5509-4d5d-943b-bd823de282de,Nếu Biết Trăm Năm Là Hữu Hạn (Tái Bản 2024),47,47,0,1,0,0,14.78806,16,14,2,1904000
BASE,REORDER_POINT,41c8752a-e477-4b5c-a566-d96a3e42cc30,Cho Tôi Xin Một Vé Đi Tuổi Thơ (Tái Bản 2023),77,75,2,0.974026,2,0.00597,13.58209,14,10,1,770000
BASE,REORDER_POINT,029c96d7-67b2-4667-94f8-ea53b6980d30,Tôi Là Bêtô (Tái Bản 2023),15,15,0,1,0,0,10.623881,11,9,1,729000
BASE,REORDER_POINT,a3ac206b-7e9b-4dbd-b059-c116c20657cd,Sứ Mệnh Hail Mary - Project Hail Mary,31,31,0,1,0,0,10.623881,11,9,1,1512000
BASE,REORDER_POINT,f53bd23d-daf2-4e35-9163-2a1fe86535b5,Phương Pháp Đầu Tư Warren Buffett (Tái Bản 2025),120,120,0,1,0,0,16.361194,21,11,2,1301300
BASE,REORDER_POINT,4b6b2955-bd2e-415f-8c37-0e873de42813,Trường Ca Achilles,68,68,0,1,0,0,11.665672,12,8,1,1000000
BASE,REORDER_POINT,76dec7f5-18a3-4e9d-9ad7-b9a28307a45e,Ngôi Thứ Nhất Số Ít,52,49,3,0.942308,3,0.008955,11.58209,12,10,1,870000
BASE,REORDER_POINT,a9278967-67e4-4363-b583-291abcfa2e2a,Kỵ Sĩ Không Đầu,164,164,0,1,0,0,17.740299,21,6,1,360000
BASE,REORDER_POINT,aa418a35-8638-411a-95fc-170b94eaa503,Cuộc Đời Của Pi,248,244,4,0.983871,3,0.008955,24.58209,25,10,1,1120000
BASE,REORDER_POINT,cc51e8dd-bffe-4355-b478-870777137ac3,7 Thói Quen Hiệu Quả - Bìa Cứng (Tái Bản 2022),93,93,0,1,0,0,16.516418,18,13,2,2275000
BASE,REORDER_POINT,723b6de0-6287-4c3a-a9b7-8bc6f13f4789,Phương Pháp Học Tập Feynman,137,135,2,0.985401,2,0.00597,21.244776,23,15,2,1224000
BASE,REORDER_POINT,73656bdf-5484-4495-90d6-768ee5034fcf,Những Nỗi Đau Đứt Đoạn,90,82,8,0.911111,5,0.014925,12.623881,13,9,1,792000
BASE,REORDER_POINT,1de2e665-178a-47bf-b5b7-9e2d03e84ea0,Người Ăn Chay,50,50,0,1,0,0,13.934328,15,13,2,1560000
BASE,REORDER_POINT,09c1a1a8-cb1c-40fb-8120-473c749c4439,Những Kẻ Xuất Chúng (Tái Bản 2021),174,174,0,1,0,0,22,22,0,0,0
BASE,REORDER_POINT,5eaa5dfa-9938-43e5-aba9-4532caffc20d,Bà Ngoại Tôi Gửi Lời Xin Lỗi (Tái Bản 2023),36,36,0,1,0,0,9.665672,10,8,1,1296000
BASE,REORDER_POINT,a8ab4eb4-d1d9-49e3-ae56-131510154aff,Tôi Thích Dáng Vẻ Nỗ Lực Của Chính Mình,39,39,0,1,0,0,11.58209,12,10,1,800000
BASE,REORDER_POINT,20792a3e-de78-4ba3-8f04-b702ec44d3a7,Giấu Nếp Cũ Trong Sương,38,38,0,1,0,0,12.280597,16,14,2,1864800
BASE,REORDER_POINT,403345b8-9a6d-4d1e-8505-ba07bcdc38ef,Cố Nhân Tình,57,56,1,0.982456,1,0.002985,13.58209,14,10,1,992800
BASE,REORDER_POINT,77dcac4c-0443-495f-b182-dfa18b3c510a,48 Nguyên Tắc Chủ Chốt Của Quyền Lực (Tái Bản),148,147,1,0.993243,1,0.002985,18.110448,23,11,2,1694000
BASE,REORDER_POINT,56f65076-84d9-4023-8277-d7d08139f19d,Nghệ Thuật Tinh Tế Của Việc Đếch Quan Tâm (Tái Bản 2021),110,108,2,0.981818,2,0.00597,16.58209,17,10,1,920000
BASE,REORDER_POINT,5f43a665-3ccd-45ca-bbd2-d48c61552ed4,Không Bao Giờ Là Thất Bại! Tất Cả Là Thử Thách (Tái Bản 2023),94,93,1,0.989362,1,0.002985,18.453731,20,13,2,1976000
BASE,REORDER_POINT,bdd2366d-9569-4869-9938-5d74325e73de,Giao Thừa (Tái Bản 2019),43,43,0,1,0,0,12.58209,13,10,1,810000
BASE,REORDER_POINT,2d6c4938-b407-4254-8267-89d67bf1b832,Cố Định Một Đám Mây (Tái Bản 2023),75,75,0,1,0,0,16.038806,17,13,2,1456000
BASE,REORDER_POINT,e7062139-99aa-4e0d-95db-33f5e11f987f,Dune - Xứ Cát,17,17,0,1,0,0,9.665672,10,8,1,1600000
BASE,REORDER_POINT,7a3855db-1b71-4de7-a099-ce426a5f9b92,Beartown 2 - Chúng Tôi Đấu Với Các Bạn,41,41,0,1,0,0,11.58209,12,10,1,1920000
BASE,REORDER_POINT,4b171cee-eb1e-49c5-9d4f-3ad7ed20f9de,Mẹ Làm Gì Có Ước Mơ,46,45,1,0.978261,1,0.002985,11.58209,12,10,1,880000
BASE,REORDER_POINT,9cc5f1a7-0710-4501-a1b6-a4e9575196d5,Phương Pháp Kaizen - The Kaizen Way (Tái Bản 2023),103,101,2,0.980583,2,0.00597,17.486567,22,15,2,1005000
BASE,REORDER_POINT,4c69d312-db95-4cb0-b92b-d76d7dfd6d26,Chuyện Người Hà Nội - Tập 1 (Tái Bản),157,157,0,1,0,0,18.913433,20,11,2,1357070
BASE,REORDER_POINT,7216cd71-f236-40d8-b471-950038ba3595,Ngày Xưa Có Một Chuyện Tình - Khổ Nhỏ (Tái Bản 2025),22,19,3,0.863636,3,0.008955,10.623881,11,9,1,594000
BASE,REORDER_POINT,3ea867cd-26c2-4678-91c4-fe79dd2f314c,30 Tuổi - Mọi Thứ Chỉ Mới Bắt Đầu,65,63,2,0.969231,2,0.00597,12.58209,13,15,2,1417500
BASE,REORDER_POINT,3ee63e00-f1ad-4c7c-b389-6151b4cf4f3f,Thế Giới Qua Đôi Mắt Cá Của Cô Ấy,69,69,0,1,0,0,16.955224,18,15,2,1440000
BASE,REORDER_POINT,cbb835fe-e6f9-4def-83c2-cb596e926767,Cá Voi Tỷ Đô (Tái Bản 2022),85,83,2,0.976471,2,0.00597,13.58209,14,10,1,1374000
BASE,REORDER_POINT,a1feccf3-f32c-41e4-94b3-08c80509cabd,Bí Mật Của Phan Thiên Ân (Tái Bản 2023),81,79,2,0.975309,2,0.00597,13.58209,14,10,1,690000
BASE,REORDER_POINT,dbb7bfee-b032-445c-b4db-5b39f666bc59,Người Đàn Ông Mang Tên OVE (Tái Bản),113,113,0,1,0,0,16.665672,17,8,1,1088000
BASE,REORDER_POINT,3fcf3a06-cf56-4c10-abd1-a050da083968,Mong Em Đừng Quên Mình Cũng Là Bông Hoa,92,92,0,1,0,0,17.829851,19,13,2,1040000
BASE,REORDER_POINT,9db55cde-04ba-41de-baf9-e080e868e8be,Peter Drucker - Tư Duy Đúng Quản Lý Đúng,68,68,0,1,0,0,13.408955,16,12,2,1332000
BASE,REORDER_POINT,3838b223-627e-4c1d-baaf-813b94bea125,Stop Overthinking,70,70,0,1,0,0,13.623881,14,9,1,513000
BASE,REORDER_POINT,d9bf27dd-d22c-4f23-8530-d59c2675c5fe,Yêu Những Điều Không Hoàn Hảo (Tái Bản 2025),50,50,0,1,0,0,14.241791,17,15,2,1905000
BASE,REORDER_POINT,3eeab019-ed7d-43c6-a1fd-4f70d622a501,Hạ Đỏ (Tái Bản 2022),30,30,0,1,0,0,11.58209,12,10,1,810000
BASE,REORDER_POINT,cc0a71ab-e0bb-4227-9dcf-d126435e5c1d,Cây Cam Ngọt Của Tôi (Tái Bản 2026),186,181,5,0.973118,4,0.01194,23.620896,25,13,2,1300000
BASE,REORDER_POINT,70dec001-4a12-47f1-a721-02704a816db5,Đi Ra Thế Giới Ngắm Nhìn Bản Thân,58,57,1,0.982759,1,0.002985,13.58209,14,10,1,960000
BASE,REORDER_POINT,191b9776-aadf-407a-b351-ad534b4dd1fa,Người Giàu Có Nhất Thành Babylon,108,103,5,0.953704,5,0.014925,16.58209,17,10,1,720000
BASE,REORDER_POINT,bc62419f-b48b-4940-8b56-7419af414113,So do,21,20,1,0.952381,1,0.002985,10.623881,11,9,1,765000
BASE,REORDER_POINT,e7f7c44e-7544-499d-a212-d3ef242e0ca2,So do,0,0,0,,0,0,9.665672,10,8,1,360000
BASE,REORDER_POINT,d4af95a6-cb37-4113-a8ea-e411a3194083,Chiec la cuoi cung,176,170,6,0.965909,3,0.008955,22.934328,24,15,2,525000
BASE,REORDER_POINT,75a81436-94d6-4a99-bd69-67d8d4f4d989,Thuyen bac nho,21,21,0,1,0,0,9.665672,10,8,1,440000
BASE,REORDER_POINT,9f1ef341-1f66-4222-bdff-a2e16bc0b228,Tam Cam,87,87,0,1,0,0,17.665672,18,8,1,384000
BASE,REORDER_POINT,4e0f3c7a-7ca7-4ff3-9767-cf16226b21e0,Toi thay hoa vang tren co xanh,17,17,0,1,0,0,10.623881,11,9,1,585000
BASE,REORDER_POINT,86936782-5b22-4351-a186-842a2dbfe829,Norwegian Wood,923,896,27,0.970748,12,0.035821,60.110448,65,12,2,2160000
BASE,REORDER_POINT,bac33105-63c7-4c1e-b248-dcdc80bde178,One Hundred Years of Solitude,228,228,0,1,0,0,23.746269,25,5,1,1100000
BASE,REORDER_POINT,fba2ecd6-faa9-4cc0-8b8c-48ea3c061a5f,Cho toi xin mot ve di tuoi tho,126,124,2,0.984127,2,0.00597,16.695522,21,13,2,715000
BASE,REORDER_POINT,0b44cf68-aa1d-4d7e-bd68-17ac2cfee8e0,Dac trung tam ly hoc cua nguoi Viet,103,103,0,1,0,0,17.322388,21,16,2,1424000
BASE,REORDER_POINT,b895862b-45f0-400c-87ce-8d791ff59f3b,Kafka on the Shore,389,389,0,1,0,0,41.665672,42,8,1,1600000
BASE,REORDER_POINT,8aafb186-bfca-418f-8fc1-23905aba4c08,Dế Mèn Phiêu Lưu Ký,12,12,0,1,0,0,10.623881,11,9,1,612000
BASE,REORDER_POINT,8420a581-4b6a-4045-9b27-fafc3d71d933,Tư Duy Phản Biện,411,411,0,1,0,0,35.164179,36,5,1,460000
BASE,REORDER_POINT,48803af6-66c3-4cbd-ac51-5be550f88ee3,Project Hail Mary,266,266,0,1,0,0,27.776119,33,19,3,3990000
BASE,REORDER_POINT,3db55781-a092-4169-9224-6648561e5869,Tư Duy Như Kinh Tế Gia,121,121,0,1,0,0,16.623881,17,9,1,1102500
BASE,REORDER_POINT,5030f797-1175-46f3-b092-bca18073fa6e,Tư Duy Ngược,153,153,0,1,0,0,21.238806,25,12,2,1116000
BASE,REORDER_POINT,82ff6d4d-db0a-41dd-9846-af7e15856b29,Babel Hay Sự Cần Thiết Của Bạo Lực,441,435,6,0.986395,3,0.008955,32.510448,43,14,2,3766000
BASE,REORDER_POINT,b3dcca37-bf34-494c-a73e-a508c1d6febc,Mắt Biếc (Tái Bản 2022),22,20,2,0.909091,2,0.00597,11.58209,12,10,1,940000
BASE,REORDER_POINT,30b3687f-5a49-40b9-81ec-675903560325,Tôi Thấy Hoa Vàng Trên Cỏ Xanh (Tái Bản 2023),68,68,0,1,0,0,14.408955,17,12,2,1536000
BASE,REORDER_POINT,fa2e3c75-6d36-4814-92e8-b0767eccc60c,3 Người Thầy Vĩ Đại (Tái Bản),175,175,0,1,0,0,18.334328,25,12,2,1104000
BASE,REORDER_POINT,5851cb9b-9e1e-4c57-a942-5d5aaeb65d0d,Những Bộ Óc Tỷ Đô - Larry Ellison,105,104,1,0.990476,1,0.002985,17.662687,19,14,2,1652000
BASE,REORDER_POINT,41a4647f-3a55-4dd1-afe1-a4820372a9d3,Hiểu Về Trái Tim (Tái Bản 2023),70,70,0,1,0,0,12.623881,13,9,1,1215000
BASE,REORDER_POINT,e02a87a2-2d93-45b1-99fb-fb520e176589,Đi Qua Hoa Cúc (Tái Bản 2022),20,20,0,1,0,0,10.591045,15,13,2,442000
BASE,REORDER_POINT,439e7f9d-16fb-40ca-be5a-b708191ccdf3,Bố Con Cá Gai (Tái Bản 2026),45,45,0,1,0,0,12.58209,13,10,1,1110000
BASE,REORDER_POINT,763242f9-efe8-499f-9c20-264ab1b9cbb7,Tư Duy Nhanh Và Chậm (Tái Bản 2021),55,55,0,1,0,0,14.516418,16,13,2,2447900
BASE,REORDER_POINT,dc30581d-101a-43b0-92ad-bbf383ca5055,Sống Với Trái Tim Biết Đủ,60,60,0,1,0,0,12.58209,13,10,1,1316000
BASE,REORDER_POINT,bd8d5784-c9c9-4b87-96e7-432df90b69bf,Những Quy Luật Của Bản Chất Con Người,90,90,0,1,0,0,15.743284,18,14,2,3234000
BASE,REORDER_POINT,6bd56470-000d-4df2-bad7-c1452d98e9e4,"Beartown - Thị Trấn Nhỏ, Giấc Mơ Lớn",45,45,0,1,0,0,12.58209,13,10,1,1790000
BASE,REORDER_POINT,9f770969-8a8c-4804-b3ac-fafb8d57bc1e,Từ Tốt Đến Vĩ Đại (Tái Bản 2021),128,128,0,1,0,0,21.277612,26,15,2,1500000
BASE,REORDER_POINT,49f2117e-ce79-415d-99cd-e05b713ed7b2,Binh Pháp Tôn Tử Và Nghệ Thuật Kiếm Tiền (Tái Bản 2025),97,97,0,1,0,0,14.665672,15,14,2,966000
BASE,REORDER_POINT,6c15fe64-6e2a-472e-a8bb-6fff8b7e5846,Nghệ Thuật Tư Duy Chiến Lược,199,199,0,1,0,0,26.032836,29,14,2,2338000
BASE,REORDER_POINT,4e338753-2e07-41a8-82e1-5f6cafd4d09e,Sưởi Ấm Mặt Trời,77,77,0,1,0,0,14.58209,15,10,1,1280000
BASE,REORDER_POINT,17a254a4-ab51-4e36-b7d1-e2a0b4f0a2af,Người Bà Tài Giỏi Vùng Saga,17,17,0,1,0,0,9.665672,10,8,1,824000
BASE,REORDER_POINT,b730afae-cc77-434c-842c-13373e4ab9cb,Saigon In My Memories,40,40,0,1,0,0,11.58209,12,10,1,1200000
BASE,REORDER_POINT,30a10853-4a35-406f-811a-e8ef09eb77a4,Điều Kỳ Diệu Của Tiệm Tạp Hóa Namiya,74,71,3,0.959459,2,0.00597,15.934328,17,13,2,1456000
BASE,REORDER_POINT,9e9b21a8-e6f1-4ed7-a890-b36c2cd3f15c,Giao Tiếp Bất Bạo Động,62,62,0,1,0,0,11.623881,12,9,1,981000
BASE,REORDER_POINT,ac064e08-c9a8-497d-8a00-145d405ec593,Lời Thú Tội Của Một Sát Thủ Kinh Tế - Bìa Cứng (Tái Bản 2023),98,98,0,1,0,0,17.038806,18,13,2,2070250
BASE,REORDER_POINT,9592f565-f402-4f16-a47c-e22f4c45f5ce,Chiếc Nhẫn Bằng Thép (Tái Bản 2024),87,87,0,1,0,0,13.623881,14,9,1,432000
BASE,REORDER_POINT,39c4df9c-c3ac-4b56-8274-40118c7d9878,Bí Mật Của May Mắn - Khổ Lớn (Tái Bản 2021),98,98,0,1,0,0,14.58209,15,10,1,550000
BASE,REORDER_POINT,7ffb7ef3-1a70-4f98-837d-a8b309b3915d,Đàn Ông Sao Hỏa Đàn Bà Sao Kim,79,78,1,0.987342,1,0.002985,14.698507,18,14,2,1848000
BASE,REORDER_POINT,206db08a-7df7-4a7c-9ee3-c771fe2cc502,Gửi Đến Bạn Một Cái Ôm Ấm Áp,63,62,1,0.984127,1,0.002985,11.665672,12,8,1,768000
BASE,REORDER_POINT,fc3cf3ec-728a-4f0c-8792-dfa9d883a7ec,999 Lá Thư Gửi Cho Chính Mình (Tái Bản 2024),36,35,1,0.972222,1,0.002985,10.623881,11,9,1,864000
BASE,REORDER_POINT,20011b9b-09c2-4fc0-9ecd-63eac530b4f9,Nhật Ký Đặng Thùy Trâm (Tái Bản 2026),42,42,0,1,0,0,10.623881,11,9,1,792000
BASE,REORDER_POINT,6f6c5213-f4db-4ff4-a367-989230e288e4,Thiên Cơ - Secret,64,64,0,1,0,0,15.537313,17,14,2,1373400
BASE,REORDER_POINT,47a161c1-e2da-48c3-84eb-baac749b69e9,Vừa Nhắm Mắt Vừa Mở Cửa Số (Tái Bản 2022),26,26,0,1,0,0,9.665672,10,8,1,512000
BASE,MA30_FIXED_LT,fc6d812f-3327-4e4d-a0b1-24463118b162,Nghệ Thuật Giao Tiếp Đỉnh Cao,237,237,0,1,0,0,30.044776,36,19,6,1577000
BASE,MA30_FIXED_LT,9a3f8950-6157-4ed2-ad63-b9c77c1aeb66,Nhà Giả Kim (Tái Bản 2025),37,36,1,0.972973,1,0.002985,9.086567,15,13,8,988000
BASE,MA30_FIXED_LT,7c0955d6-90a9-43a8-adb8-8f61d82012da,Sức Hút Của Sự Tử Tế,67,66,1,0.985075,1,0.002985,15.767164,17,12,3,612000
BASE,MA30_FIXED_LT,cf4646e1-6779-441e-824c-855af4eee488,Những Kẻ Âu Lo - Anxious People,57,57,0,1,0,0,13.349254,15,11,4,1683000
BASE,MA30_FIXED_LT,c5b1e6b4-5c12-41e8-bad6-262f60dedfaa,Vượt Côn Đảo (Tái Bản 2025),17,17,0,1,0,0,6.265672,8,6,4,480000
BASE,MA30_FIXED_LT,e3f4b796-e9f5-4fa9-bd4a-182d92bf9411,Còn Chút Gì Để Nhớ (2022),22,22,0,1,0,0,7.110448,12,10,5,940000
BASE,MA30_FIXED_LT,de9c3f6b-47a2-4ded-873e-8ffe3a123761,Bí Mật Tối Thượng - The Secret Of Secrets - Bìa Cứng,31,31,0,1,0,0,8.352239,9,6,3,2311200
BASE,MA30_FIXED_LT,24b102fb-3128-467b-814b-4f3b2bdcc8cd,Chiến Lược Mua Bán Và Sáp Nhập Doanh Nghiệp,109,109,0,1,0,0,21.489552,25,18,3,4248000
BASE,MA30_FIXED_LT,2815929a-f172-4186-a2d0-4f3974815d6d,Sắc Lời Đắc Thế,320,320,0,1,0,0,43.620896,52,36,8,3240000
BASE,MA30_FIXED_LT,aef56978-5b40-4932-bc13-785014cdec34,Trưởng Thành Cùng Nỗi Cô Đơn,48,48,0,1,0,0,8.474627,10,8,5,702000
BASE,MA30_FIXED_LT,5a4a20e8-9b47-48d3-a13b-c6fc0a9e69c1,Lén Nhặt Chuyện Đời,25,25,0,1,0,0,5.955224,7,5,5,340000
BASE,MA30_FIXED_LT,d5c39c3a-6fb8-45c4-a964-6f04fe1e88b9,38 Bức Thư Rockefeller Viết Cho Con Trai,51,50,1,0.980392,1,0.002985,11.158209,14,12,5,1104000
BASE,MA30_FIXED_LT,5d19f364-83cf-4c86-bd82-0a50a8bdab35,Nghĩ Giàu & Làm Giàu (Tái Bản 2020),74,74,0,1,0,0,14.349254,16,10,4,800000
BASE,MA30_FIXED_LT,06405ece-30aa-4777-aeeb-77db47f1bff1,Phương Pháp Đặt Câu Hỏi Của Socrates,53,53,0,1,0,0,13.014925,15,12,5,792000
BASE,MA30_FIXED_LT,73611159-559c-4677-97c2-2dd0492c5aad,Con Đường Chẳng Mấy Ai Đi,116,116,0,1,0,0,23.429851,26,19,4,2131800
BASE,MA30_FIXED_LT,2537fa9d-7b69-4bcf-8bda-64737596a4d4,Đi Tìm Lẽ Sống (Tái Bản 2022),217,217,0,1,0,0,31.370149,40,26,5,1664000
BASE,MA30_FIXED_LT,34d95aaf-02b3-4936-8d60-aabe749c1d4a,Tư Duy Của Chiến Lược Gia (Tái Bản 2026),76,74,2,0.973684,1,0.002985,14.385075,18,15,6,1875000
BASE,MA30_FIXED_LT,377b5404-feaf-406b-93f9-c7eb58fd0966,Chuyện ICU - Lá Gan Hạnh Phúc,47,45,2,0.957447,2,0.00597,10.2,13,10,3,1200000
BASE,MA30_FIXED_LT,7ba7cff0-0ce1-4f92-a6c8-1b9c23f81dc0,Anh Em Nhà Karamazov - Bìa Cứng (Tái Bản 2026),27,26,1,0.962963,1,0.002985,8.829851,10,8,2,3136000
BASE,MA30_FIXED_LT,30d7c81f-4755-4c92-90d0-083c6ca61ab7,Totto-Chan Bên Cửa Sổ - Những Chuyện Tiếp Theo,34,34,0,1,0,0,9.495522,11,9,5,1116000
BASE,MA30_FIXED_LT,43863cd3-f4a1-45ba-a77e-2b6dec97b395,Dune Messiah - Cứu Tinh Xứ Cát,20,20,0,1,0,0,6.01791,7,5,3,832500
BASE,MA30_FIXED_LT,fb50eabe-3cb9-4e7f-8e8d-d310fb341699,Được Học (Tái Bản 2022),68,68,0,1,0,0,12.58806,18,15,7,2055000
BASE,MA30_FIXED_LT,79b70abf-c2b2-4cb1-be5b-6447ed3c8b16,Sống Một Đời Rực Rỡ Dẫu Thế Gian Nhạt Nhòa,56,56,0,1,0,0,13.555224,16,14,7,1083600
BASE,MA30_FIXED_LT,b7d33190-371c-41b4-b2b5-5b23be497d03,Gió Lạnh Đầu Mùa (Tái Bản 2023),31,31,0,1,0,0,8.889552,11,11,6,605000
BASE,MA30_FIXED_LT,c3bd1092-7d7b-4cad-887c-ae3d5e647e82,Những Bộ Óc Tỷ Đô - Warren Buffett,93,93,0,1,0,0,17.677612,21,17,7,2057000
BASE,MA30_FIXED_LT,ad9e4f54-4a21-4aa9-9284-c51d0427d0bd,Hồ Điệp Và Kình Ngư,26,26,0,1,0,0,8.119403,10,8,4,892800
BASE,MA30_FIXED_LT,9c061418-bc56-4d66-a66a-7674f7ecc6ca,Beartown - Tập 3 - Những Người Chiến Thắng,58,57,1,0.982759,1,0.002985,13.970149,17,14,4,4284000
BASE,MA30_FIXED_LT,b90f2c79-5509-4d5d-943b-bd823de282de,Nếu Biết Trăm Năm Là Hữu Hạn (Tái Bản 2024),47,45,2,0.957447,1,0.002985,9.746269,11,9,4,1224000
BASE,MA30_FIXED_LT,41c8752a-e477-4b5c-a566-d96a3e42cc30,Cho Tôi Xin Một Vé Đi Tuổi Thơ (Tái Bản 2023),77,75,2,0.974026,2,0.00597,16.140299,18,14,3,1078000
BASE,MA30_FIXED_LT,029c96d7-67b2-4667-94f8-ea53b6980d30,Tôi Là Bêtô (Tái Bản 2023),15,15,0,1,0,0,6.283582,9,7,5,567000
BASE,MA30_FIXED_LT,a3ac206b-7e9b-4dbd-b059-c116c20657cd,Sứ Mệnh Hail Mary - Project Hail Mary,31,31,0,1,0,0,7.808955,9,7,5,1176000
BASE,MA30_FIXED_LT,f53bd23d-daf2-4e35-9163-2a1fe86535b5,Phương Pháp Đầu Tư Warren Buffett (Tái Bản 2025),120,120,0,1,0,0,19.435821,27,17,6,2011100
BASE,MA30_FIXED_LT,4b6b2955-bd2e-415f-8c37-0e873de42813,Trường Ca Achilles,68,68,0,1,0,0,13.492537,16,12,5,1500000
BASE,MA30_FIXED_LT,76dec7f5-18a3-4e9d-9ad7-b9a28307a45e,Ngôi Thứ Nhất Số Ít,52,49,3,0.942308,3,0.008955,9.259701,13,11,7,957000
BASE,MA30_FIXED_LT,a9278967-67e4-4363-b583-291abcfa2e2a,Kỵ Sĩ Không Đầu,164,164,0,1,0,0,22.528358,27,12,5,720000
BASE,MA30_FIXED_LT,aa418a35-8638-411a-95fc-170b94eaa503,Cuộc Đời Của Pi,248,244,4,0.983871,3,0.008955,36.402985,41,26,2,2912000
BASE,MA30_FIXED_LT,cc51e8dd-bffe-4355-b478-870777137ac3,7 Thói Quen Hiệu Quả - Bìa Cứng (Tái Bản 2022),93,93,0,1,0,0,18.056716,20,15,5,2625000
BASE,MA30_FIXED_LT,723b6de0-6287-4c3a-a9b7-8bc6f13f4789,Phương Pháp Học Tập Feynman,137,135,2,0.985401,2,0.00597,23.698507,34,26,7,2121600
BASE,MA30_FIXED_LT,73656bdf-5484-4495-90d6-768ee5034fcf,Những Nỗi Đau Đứt Đoạn,90,82,8,0.911111,5,0.014925,16.140299,18,14,3,1232000
BASE,MA30_FIXED_LT,1de2e665-178a-47bf-b5b7-9e2d03e84ea0,Người Ăn Chay,50,49,1,0.98,1,0.002985,10.510448,14,14,8,1680000
BASE,MA30_FIXED_LT,09c1a1a8-cb1c-40fb-8120-473c749c4439,Những Kẻ Xuất Chúng (Tái Bản 2021),174,174,0,1,0,0,26.113433,30,8,4,888000
BASE,MA30_FIXED_LT,5eaa5dfa-9938-43e5-aba9-4532caffc20d,Bà Ngoại Tôi Gửi Lời Xin Lỗi (Tái Bản 2023),36,36,0,1,0,0,9.408955,12,10,5,1620000
BASE,MA30_FIXED_LT,a8ab4eb4-d1d9-49e3-ae56-131510154aff,Tôi Thích Dáng Vẻ Nỗ Lực Của Chính Mình,39,39,0,1,0,0,7.991045,11,9,5,720000
BASE,MA30_FIXED_LT,20792a3e-de78-4ba3-8f04-b702ec44d3a7,Giấu Nếp Cũ Trong Sương,38,38,0,1,0,0,11.340299,16,14,5,1864800
BASE,MA30_FIXED_LT,403345b8-9a6d-4d1e-8505-ba07bcdc38ef,Cố Nhân Tình,57,56,1,0.982456,1,0.002985,11.029851,15,11,4,1092080
BASE,MA30_FIXED_LT,77dcac4c-0443-495f-b182-dfa18b3c510a,48 Nguyên Tắc Chủ Chốt Của Quyền Lực (Tái Bản),148,148,0,1,0,0,24.176119,35,23,6,3542000
BASE,MA30_FIXED_LT,56f65076-84d9-4023-8277-d7d08139f19d,Nghệ Thuật Tinh Tế Của Việc Đếch Quan Tâm (Tái Bản 2021),110,108,2,0.981818,2,0.00597,18.743284,21,14,5,1288000
BASE,MA30_FIXED_LT,5f43a665-3ccd-45ca-bbd2-d48c61552ed4,Không Bao Giờ Là Thất Bại! Tất Cả Là Thử Thách (Tái Bản 2023),94,93,1,0.989362,1,0.002985,19.304478,22,15,6,2280000
BASE,MA30_FIXED_LT,bdd2366d-9569-4869-9938-5d74325e73de,Giao Thừa (Tái Bản 2019),43,43,0,1,0,0,12.280597,16,13,7,1053000
BASE,MA30_FIXED_LT,2d6c4938-b407-4254-8267-89d67bf1b832,Cố Định Một Đám Mây (Tái Bản 2023),75,75,0,1,0,0,18.41194,20,16,5,1792000
BASE,MA30_FIXED_LT,e7062139-99aa-4e0d-95db-33f5e11f987f,Dune - Xứ Cát,17,17,0,1,0,0,4.931343,7,7,5,1400000
BASE,MA30_FIXED_LT,7a3855db-1b71-4de7-a099-ce426a5f9b92,Beartown 2 - Chúng Tôi Đấu Với Các Bạn,41,41,0,1,0,0,9.597015,12,10,2,1920000
BASE,MA30_FIXED_LT,4b171cee-eb1e-49c5-9d4f-3ad7ed20f9de,Mẹ Làm Gì Có Ước Mơ,46,45,1,0.978261,1,0.002985,10.820896,15,13,6,1144000
BASE,MA30_FIXED_LT,9cc5f1a7-0710-4501-a1b6-a4e9575196d5,Phương Pháp Kaizen - The Kaizen Way (Tái Bản 2023),103,101,2,0.980583,2,0.00597,18.238806,29,22,3,1474000
BASE,MA30_FIXED_LT,4c69d312-db95-4cb0-b92b-d76d7dfd6d26,Chuyện Người Hà Nội - Tập 1 (Tái Bản),157,157,0,1,0,0,22.823881,26,17,5,2097290
BASE,MA30_FIXED_LT,7216cd71-f236-40d8-b471-950038ba3595,Ngày Xưa Có Một Chuyện Tình - Khổ Nhỏ (Tái Bản 2025),22,19,3,0.863636,3,0.008955,7.391045,9,7,5,462000
BASE,MA30_FIXED_LT,3ea867cd-26c2-4678-91c4-fe79dd2f314c,30 Tuổi - Mọi Thứ Chỉ Mới Bắt Đầu,65,63,2,0.969231,2,0.00597,12.429851,15,16,5,1512000
BASE,MA30_FIXED_LT,3ee63e00-f1ad-4c7c-b389-6151b4cf4f3f,Thế Giới Qua Đôi Mắt Cá Của Cô Ấy,69,69,0,1,0,0,17.579104,19,16,3,1536000
BASE,MA30_FIXED_LT,cbb835fe-e6f9-4def-83c2-cb596e926767,Cá Voi Tỷ Đô (Tái Bản 2022),85,83,2,0.976471,2,0.00597,14.152239,19,15,4,2061000
BASE,MA30_FIXED_LT,a1feccf3-f32c-41e4-94b3-08c80509cabd,Bí Mật Của Phan Thiên Ân (Tái Bản 2023),81,79,2,0.975309,2,0.00597,14.78209,18,14,6,966000
BASE,MA30_FIXED_LT,dbb7bfee-b032-445c-b4db-5b39f666bc59,Người Đàn Ông Mang Tên OVE (Tái Bản),113,113,0,1,0,0,19.552239,23,14,3,1904000
BASE,MA30_FIXED_LT,3fcf3a06-cf56-4c10-abd1-a050da083968,Mong Em Đừng Quên Mình Cũng Là Bông Hoa,92,92,0,1,0,0,18.641791,20,14,4,1120000
BASE,MA30_FIXED_LT,9db55cde-04ba-41de-baf9-e080e868e8be,Peter Drucker - Tư Duy Đúng Quản Lý Đúng,68,68,0,1,0,0,13.689552,20,16,6,1776000
BASE,MA30_FIXED_LT,3838b223-627e-4c1d-baaf-813b94bea125,Stop Overthinking,70,70,0,1,0,0,13.555224,16,11,4,627000
BASE,MA30_FIXED_LT,d9bf27dd-d22c-4f23-8530-d59c2675c5fe,Yêu Những Điều Không Hoàn Hảo (Tái Bản 2025),50,50,0,1,0,0,11.764179,14,12,6,1524000
BASE,MA30_FIXED_LT,3eeab019-ed7d-43c6-a1fd-4f70d622a501,Hạ Đỏ (Tái Bản 2022),30,30,0,1,0,0,9.247761,10,8,4,648000
BASE,MA30_FIXED_LT,cc0a71ab-e0bb-4227-9dcf-d126435e5c1d,Cây Cam Ngọt Của Tôi (Tái Bản 2026),186,181,5,0.973118,4,0.01194,29.597015,32,20,5,2000000
BASE,MA30_FIXED_LT,70dec001-4a12-47f1-a721-02704a816db5,Đi Ra Thế Giới Ngắm Nhìn Bản Thân,58,57,1,0.982759,1,0.002985,12.450746,15,11,5,1056000
BASE,MA30_FIXED_LT,191b9776-aadf-407a-b351-ad534b4dd1fa,Người Giàu Có Nhất Thành Babylon,108,103,5,0.953704,5,0.014925,18.952239,21,14,3,1008000
BASE,MA30_FIXED_LT,bc62419f-b48b-4940-8b56-7419af414113,So do,21,20,1,0.952381,1,0.002985,5.495522,7,5,3,425000
BASE,MA30_FIXED_LT,e7f7c44e-7544-499d-a212-d3ef242e0ca2,So do,0,0,0,,0,0,2,2,0,0,0
BASE,MA30_FIXED_LT,d4af95a6-cb37-4113-a8ea-e411a3194083,Chiec la cuoi cung,176,170,6,0.965909,3,0.008955,25.829851,27,18,3,630000
BASE,MA30_FIXED_LT,75a81436-94d6-4a99-bd69-67d8d4f4d989,Thuyen bac nho,21,20,1,0.952381,1,0.002985,5.719403,9,7,5,385000
BASE,MA30_FIXED_LT,9f1ef341-1f66-4222-bdff-a2e16bc0b228,Tam Cam,87,87,0,1,0,0,19.58209,20,10,1,480000
BASE,MA30_FIXED_LT,4e0f3c7a-7ca7-4ff3-9767-cf16226b21e0,Toi thay hoa vang tren co xanh,17,17,0,1,0,0,6.161194,8,6,3,390000
BASE,MA30_FIXED_LT,86936782-5b22-4351-a186-842a2dbfe829,Norwegian Wood,923,923,0,1,0,0,108.280597,119,66,5,11880000
BASE,MA30_FIXED_LT,bac33105-63c7-4c1e-b248-dcdc80bde178,One Hundred Years of Solitude,228,228,0,1,0,0,34.158209,37,17,4,3740000
BASE,MA30_FIXED_LT,fba2ecd6-faa9-4cc0-8b8c-48ea3c061a5f,Cho toi xin mot ve di tuoi tho,126,124,2,0.984127,2,0.00597,20.686567,28,20,6,1100000
BASE,MA30_FIXED_LT,0b44cf68-aa1d-4d7e-bd68-17ac2cfee8e0,Dac trung tam ly hoc cua nguoi Viet,103,103,0,1,0,0,18.614925,22,17,4,1513000
BASE,MA30_FIXED_LT,b895862b-45f0-400c-87ce-8d791ff59f3b,Kafka on the Shore,389,389,0,1,0,0,63.244776,65,31,2,6200000
BASE,MA30_FIXED_LT,8aafb186-bfca-418f-8fc1-23905aba4c08,Dế Mèn Phiêu Lưu Ký,12,12,0,1,0,0,5.137313,8,6,3,408000
BASE,MA30_FIXED_LT,8420a581-4b6a-4045-9b27-fafc3d71d933,Tư Duy Phản Biện,411,411,0,1,0,0,53.862687,58,27,5,2484000
BASE,MA30_FIXED_LT,48803af6-66c3-4cbd-ac51-5be550f88ee3,Project Hail Mary,266,266,0,1,0,0,39.856716,46,32,6,6720000
BASE,MA30_FIXED_LT,3db55781-a092-4169-9224-6648561e5869,Tư Duy Như Kinh Tế Gia,121,121,0,1,0,0,20.841791,25,17,4,2082500
BASE,MA30_FIXED_LT,5030f797-1175-46f3-b092-bca18073fa6e,Tư Duy Ngược,153,153,0,1,0,0,25.444776,30,17,3,1581000
BASE,MA30_FIXED_LT,82ff6d4d-db0a-41dd-9846-af7e15856b29,Babel Hay Sự Cần Thiết Của Bạo Lực,441,441,0,1,0,0,55.202985,71,42,7,11298000
BASE,MA30_FIXED_LT,b3dcca37-bf34-494c-a73e-a508c1d6febc,Mắt Biếc (Tái Bản 2022),22,20,2,0.909091,2,0.00597,6.325373,9,7,2,658000
BASE,MA30_FIXED_LT,30b3687f-5a49-40b9-81ec-675903560325,Tôi Thấy Hoa Vàng Trên Cỏ Xanh (Tái Bản 2023),68,68,0,1,0,0,14.967164,19,14,6,1792000
BASE,MA30_FIXED_LT,fa2e3c75-6d36-4814-92e8-b0767eccc60c,3 Người Thầy Vĩ Đại (Tái Bản),175,175,0,1,0,0,23.955224,32,19,4,1748000
BASE,MA30_FIXED_LT,5851cb9b-9e1e-4c57-a942-5d5aaeb65d0d,Những Bộ Óc Tỷ Đô - Larry Ellison,105,104,1,0.990476,1,0.002985,19.095522,22,19,6,2242000
BASE,MA30_FIXED_LT,41a4647f-3a55-4dd1-afe1-a4820372a9d3,Hiểu Về Trái Tim (Tái Bản 2023),70,70,0,1,0,0,13.99403,16,12,4,1620000
BASE,MA30_FIXED_LT,e02a87a2-2d93-45b1-99fb-fb520e176589,Đi Qua Hoa Cúc (Tái Bản 2022),20,20,0,1,0,0,6.737313,11,9,6,306000
BASE,MA30_FIXED_LT,439e7f9d-16fb-40ca-be5a-b708191ccdf3,Bố Con Cá Gai (Tái Bản 2026),45,45,0,1,0,0,11.871642,13,10,3,1110000
BASE,MA30_FIXED_LT,763242f9-efe8-499f-9c20-264ab1b9cbb7,Tư Duy Nhanh Và Chậm (Tái Bản 2021),55,55,0,1,0,0,12.134328,16,13,6,2447900
BASE,MA30_FIXED_LT,dc30581d-101a-43b0-92ad-bbf383ca5055,Sống Với Trái Tim Biết Đủ,60,60,0,1,0,0,11.844776,15,12,5,1579200
BASE,MA30_FIXED_LT,bd8d5784-c9c9-4b87-96e7-432df90b69bf,Những Quy Luật Của Bản Chất Con Người,90,90,0,1,0,0,17.385075,21,17,7,3927000
BASE,MA30_FIXED_LT,6bd56470-000d-4df2-bad7-c1452d98e9e4,"Beartown - Thị Trấn Nhỏ, Giấc Mơ Lớn",45,45,0,1,0,0,10.161194,12,9,3,1611000
BASE,MA30_FIXED_LT,9f770969-8a8c-4804-b3ac-fafb8d57bc1e,Từ Tốt Đến Vĩ Đại (Tái Bản 2021),128,128,0,1,0,0,24.313433,31,20,2,2000000
BASE,MA30_FIXED_LT,49f2117e-ce79-415d-99cd-e05b713ed7b2,Binh Pháp Tôn Tử Và Nghệ Thuật Kiếm Tiền (Tái Bản 2025),97,97,0,1,0,0,17.2,20,15,6,1035000
BASE,MA30_FIXED_LT,6c15fe64-6e2a-472e-a8bb-6fff8b7e5846,Nghệ Thuật Tư Duy Chiến Lược,199,199,0,1,0,0,32.214925,37,22,4,3674000
BASE,MA30_FIXED_LT,4e338753-2e07-41a8-82e1-5f6cafd4d09e,Sưởi Ấm Mặt Trời,77,77,0,1,0,0,19.223881,21,16,3,2048000
BASE,MA30_FIXED_LT,17a254a4-ab51-4e36-b7d1-e2a0b4f0a2af,Người Bà Tài Giỏi Vùng Saga,17,17,0,1,0,0,6.056716,8,6,5,618000
BASE,MA30_FIXED_LT,b730afae-cc77-434c-842c-13373e4ab9cb,Saigon In My Memories,40,40,0,1,0,0,9.662687,11,9,3,1080000
BASE,MA30_FIXED_LT,30a10853-4a35-406f-811a-e8ef09eb77a4,Điều Kỳ Diệu Của Tiệm Tạp Hóa Namiya,74,71,3,0.959459,2,0.00597,16.119403,18,14,5,1568000
BASE,MA30_FIXED_LT,9e9b21a8-e6f1-4ed7-a890-b36c2cd3f15c,Giao Tiếp Bất Bạo Động,62,62,0,1,0,0,11.659701,14,11,5,1199000
BASE,MA30_FIXED_LT,ac064e08-c9a8-497d-8a00-145d405ec593,Lời Thú Tội Của Một Sát Thủ Kinh Tế - Bìa Cứng (Tái Bản 2023),98,98,0,1,0,0,21.223881,23,18,5,2866500
BASE,MA30_FIXED_LT,9592f565-f402-4f16-a47c-e22f4c45f5ce,Chiếc Nhẫn Bằng Thép (Tái Bản 2024),87,87,0,1,0,0,17.119403,19,14,3,672000
BASE,MA30_FIXED_LT,39c4df9c-c3ac-4b56-8274-40118c7d9878,Bí Mật Của May Mắn - Khổ Lớn (Tái Bản 2021),98,98,0,1,0,0,16.492537,19,14,5,770000
BASE,MA30_FIXED_LT,7ffb7ef3-1a70-4f98-837d-a8b309b3915d,Đàn Ông Sao Hỏa Đàn Bà Sao Kim,79,78,1,0.987342,1,0.002985,14.779104,19,15,5,1980000
BASE,MA30_FIXED_LT,206db08a-7df7-4a7c-9ee3-c771fe2cc502,Gửi Đến Bạn Một Cái Ôm Ấm Áp,63,62,1,0.984127,1,0.002985,12.40597,16,12,6,1152000
BASE,MA30_FIXED_LT,fc3cf3ec-728a-4f0c-8792-dfa9d883a7ec,999 Lá Thư Gửi Cho Chính Mình (Tái Bản 2024),36,35,1,0.972222,1,0.002985,8.614925,12,10,5,960000
BASE,MA30_FIXED_LT,20011b9b-09c2-4fc0-9ecd-63eac530b4f9,Nhật Ký Đặng Thùy Trâm (Tái Bản 2026),42,42,0,1,0,0,8.179104,11,9,5,792000
BASE,MA30_FIXED_LT,6f6c5213-f4db-4ff4-a367-989230e288e4,Thiên Cơ - Secret,64,62,2,0.96875,2,0.00597,13.701493,16,13,5,1275300
BASE,MA30_FIXED_LT,47a161c1-e2da-48c3-84eb-baac749b69e9,Vừa Nhắm Mắt Vừa Mở Cửa Số (Tái Bản 2022),26,25,1,0.961538,1,0.002985,8.158209,11,9,4,576000
BASE,SMARTBOOK,fc6d812f-3327-4e4d-a0b1-24463118b162,Nghệ Thuật Giao Tiếp Đỉnh Cao,237,237,0,1,0,0,52.525373,65,48,13,3984000
BASE,SMARTBOOK,9a3f8950-6157-4ed2-ad63-b9c77c1aeb66,Nhà Giả Kim (Tái Bản 2025),37,36,1,0.972973,1,0.002985,15.253731,21,19,7,1444000
BASE,SMARTBOOK,7c0955d6-90a9-43a8-adb8-8f61d82012da,Sức Hút Của Sự Tử Tế,67,66,1,0.985075,1,0.002985,19.955224,21,19,4,969000
BASE,SMARTBOOK,cf4646e1-6779-441e-824c-855af4eee488,Những Kẻ Âu Lo - Anxious People,57,57,0,1,0,0,18.408955,21,17,3,2601000
BASE,SMARTBOOK,c5b1e6b4-5c12-41e8-bad6-262f60dedfaa,Vượt Côn Đảo (Tái Bản 2025),17,17,0,1,0,0,13.892537,15,13,3,1040000
BASE,SMARTBOOK,e3f4b796-e9f5-4fa9-bd4a-182d92bf9411,Còn Chút Gì Để Nhớ (2022),22,22,0,1,0,0,12.352239,20,18,5,1692000
BASE,SMARTBOOK,de9c3f6b-47a2-4ded-873e-8ffe3a123761,Bí Mật Tối Thượng - The Secret Of Secrets - Bìa Cứng,31,31,0,1,0,0,15.98806,20,17,5,6548400
BASE,SMARTBOOK,24b102fb-3128-467b-814b-4f3b2bdcc8cd,Chiến Lược Mua Bán Và Sáp Nhập Doanh Nghiệp,109,109,0,1,0,0,31.071642,42,35,7,8260000
BASE,SMARTBOOK,2815929a-f172-4186-a2d0-4f3974815d6d,Sắc Lời Đắc Thế,320,320,0,1,0,0,71.00597,83,67,9,6030000
BASE,SMARTBOOK,aef56978-5b40-4932-bc13-785014cdec34,Trưởng Thành Cùng Nỗi Cô Đơn,48,48,0,1,0,0,13.579104,15,16,5,1404000
BASE,SMARTBOOK,5a4a20e8-9b47-48d3-a13b-c6fc0a9e69c1,Lén Nhặt Chuyện Đời,25,25,0,1,0,0,14.119403,16,14,2,952000
BASE,SMARTBOOK,d5c39c3a-6fb8-45c4-a964-6f04fe1e88b9,38 Bức Thư Rockefeller Viết Cho Con Trai,51,51,0,1,0,0,19.919403,26,27,7,2484000
BASE,SMARTBOOK,5d19f364-83cf-4c86-bd82-0a50a8bdab35,Nghĩ Giàu & Làm Giàu (Tái Bản 2020),74,74,0,1,0,0,23.319403,28,22,4,1760000
BASE,SMARTBOOK,06405ece-30aa-4777-aeeb-77db47f1bff1,Phương Pháp Đặt Câu Hỏi Của Socrates,53,53,0,1,0,0,18.591045,23,20,6,1320000
BASE,SMARTBOOK,73611159-559c-4677-97c2-2dd0492c5aad,Con Đường Chẳng Mấy Ai Đi,116,116,0,1,0,0,33.041791,40,33,9,3702600
BASE,SMARTBOOK,2537fa9d-7b69-4bcf-8bda-64737596a4d4,Đi Tìm Lẽ Sống (Tái Bản 2022),217,217,0,1,0,0,43.125373,57,43,11,2752000
BASE,SMARTBOOK,34d95aaf-02b3-4936-8d60-aabe749c1d4a,Tư Duy Của Chiến Lược Gia (Tái Bản 2026),76,74,2,0.973684,1,0.002985,21.21194,27,23,7,2875000
BASE,SMARTBOOK,377b5404-feaf-406b-93f9-c7eb58fd0966,Chuyện ICU - Lá Gan Hạnh Phúc,47,45,2,0.957447,2,0.00597,16.158209,19,16,4,1920000
BASE,SMARTBOOK,7ba7cff0-0ce1-4f92-a6c8-1b9c23f81dc0,Anh Em Nhà Karamazov - Bìa Cứng (Tái Bản 2026),27,26,1,0.962963,1,0.002985,19.032836,22,20,5,7840000
BASE,SMARTBOOK,30d7c81f-4755-4c92-90d0-083c6ca61ab7,Totto-Chan Bên Cửa Sổ - Những Chuyện Tiếp Theo,34,34,0,1,0,0,15.814925,22,20,6,2480000
BASE,SMARTBOOK,43863cd3-f4a1-45ba-a77e-2b6dec97b395,Dune Messiah - Cứu Tinh Xứ Cát,20,20,0,1,0,0,13.113433,17,15,5,2497500
BASE,SMARTBOOK,fb50eabe-3cb9-4e7f-8e8d-d310fb341699,Được Học (Tái Bản 2022),68,68,0,1,0,0,18.295522,24,21,6,2877000
BASE,SMARTBOOK,79b70abf-c2b2-4cb1-be5b-6447ed3c8b16,Sống Một Đời Rực Rỡ Dẫu Thế Gian Nhạt Nhòa,56,56,0,1,0,0,22.077612,24,22,4,1702800
BASE,SMARTBOOK,b7d33190-371c-41b4-b2b5-5b23be497d03,Gió Lạnh Đầu Mùa (Tái Bản 2023),31,31,0,1,0,0,15.065672,21,19,7,1045000
BASE,SMARTBOOK,c3bd1092-7d7b-4cad-887c-ae3d5e647e82,Những Bộ Óc Tỷ Đô - Warren Buffett,93,93,0,1,0,0,23.501493,30,26,8,3146000
BASE,SMARTBOOK,ad9e4f54-4a21-4aa9-9284-c51d0427d0bd,Hồ Điệp Và Kình Ngư,26,26,0,1,0,0,15.898507,22,20,6,2232000
BASE,SMARTBOOK,9c061418-bc56-4d66-a66a-7674f7ecc6ca,Beartown - Tập 3 - Những Người Chiến Thắng,58,57,1,0.982759,1,0.002985,20.379104,26,23,6,7038000
BASE,SMARTBOOK,b90f2c79-5509-4d5d-943b-bd823de282de,Nếu Biết Trăm Năm Là Hữu Hạn (Tái Bản 2024),47,47,0,1,0,0,28.029851,32,30,2,4080000
BASE,SMARTBOOK,41c8752a-e477-4b5c-a566-d96a3e42cc30,Cho Tôi Xin Một Vé Đi Tuổi Thơ (Tái Bản 2023),77,75,2,0.974026,2,0.00597,21.632836,26,22,6,1694000
BASE,SMARTBOOK,029c96d7-67b2-4667-94f8-ea53b6980d30,Tôi Là Bêtô (Tái Bản 2023),15,15,0,1,0,0,13.032836,16,14,4,1134000
BASE,SMARTBOOK,a3ac206b-7e9b-4dbd-b059-c116c20657cd,Sứ Mệnh Hail Mary - Project Hail Mary,31,31,0,1,0,0,15.322388,19,20,6,3360000
BASE,SMARTBOOK,f53bd23d-daf2-4e35-9163-2a1fe86535b5,Phương Pháp Đầu Tư Warren Buffett (Tái Bản 2025),120,120,0,1,0,0,29.961194,36,26,8,3075800
BASE,SMARTBOOK,4b6b2955-bd2e-415f-8c37-0e873de42813,Trường Ca Achilles,68,68,0,1,0,0,18.61791,21,20,6,2500000
BASE,SMARTBOOK,76dec7f5-18a3-4e9d-9ad7-b9a28307a45e,Ngôi Thứ Nhất Số Ít,52,49,3,0.942308,3,0.008955,14.402985,19,17,5,1479000
BASE,SMARTBOOK,a9278967-67e4-4363-b583-291abcfa2e2a,Kỵ Sĩ Không Đầu,164,164,0,1,0,0,34.847761,44,29,9,1740000
BASE,SMARTBOOK,aa418a35-8638-411a-95fc-170b94eaa503,Cuộc Đời Của Pi,248,244,4,0.983871,3,0.008955,61.522388,68,53,5,5936000
BASE,SMARTBOOK,cc51e8dd-bffe-4355-b478-870777137ac3,7 Thói Quen Hiệu Quả - Bìa Cứng (Tái Bản 2022),93,93,0,1,0,0,26.61791,29,24,4,4200000
BASE,SMARTBOOK,723b6de0-6287-4c3a-a9b7-8bc6f13f4789,Phương Pháp Học Tập Feynman,137,135,2,0.985401,2,0.00597,37.170149,43,35,6,2856000
BASE,SMARTBOOK,73656bdf-5484-4495-90d6-768ee5034fcf,Những Nỗi Đau Đứt Đoạn,90,82,8,0.911111,5,0.014925,20.78209,24,20,5,1760000
BASE,SMARTBOOK,1de2e665-178a-47bf-b5b7-9e2d03e84ea0,Người Ăn Chay,50,50,0,1,0,0,15.683582,24,22,6,2640000
BASE,SMARTBOOK,09c1a1a8-cb1c-40fb-8120-473c749c4439,Những Kẻ Xuất Chúng (Tái Bản 2021),174,174,0,1,0,0,42.020896,56,34,10,3774000
BASE,SMARTBOOK,5eaa5dfa-9938-43e5-aba9-4532caffc20d,Bà Ngoại Tôi Gửi Lời Xin Lỗi (Tái Bản 2023),36,36,0,1,0,0,15.755224,21,19,5,3078000
BASE,SMARTBOOK,a8ab4eb4-d1d9-49e3-ae56-131510154aff,Tôi Thích Dáng Vẻ Nỗ Lực Của Chính Mình,39,39,0,1,0,0,13.910448,16,14,4,1120000
BASE,SMARTBOOK,20792a3e-de78-4ba3-8f04-b702ec44d3a7,Giấu Nếp Cũ Trong Sương,38,38,0,1,0,0,18.483582,24,22,6,2930400
BASE,SMARTBOOK,403345b8-9a6d-4d1e-8505-ba07bcdc38ef,Cố Nhân Tình,57,56,1,0.982456,1,0.002985,18.886567,22,18,4,1787040
BASE,SMARTBOOK,77dcac4c-0443-495f-b182-dfa18b3c510a,48 Nguyên Tắc Chủ Chốt Của Quyền Lực (Tái Bản),148,148,0,1,0,0,32.041791,46,34,11,5236000
BASE,SMARTBOOK,56f65076-84d9-4023-8277-d7d08139f19d,Nghệ Thuật Tinh Tế Của Việc Đếch Quan Tâm (Tái Bản 2021),110,108,2,0.981818,2,0.00597,26.961194,33,26,7,2392000
BASE,SMARTBOOK,5f43a665-3ccd-45ca-bbd2-d48c61552ed4,Không Bao Giờ Là Thất Bại! Tất Cả Là Thử Thách (Tái Bản 2023),94,93,1,0.989362,1,0.002985,27.61194,39,32,8,4864000
BASE,SMARTBOOK,bdd2366d-9569-4869-9938-5d74325e73de,Giao Thừa (Tái Bản 2019),43,43,0,1,0,0,17.964179,23,20,6,1620000
BASE,SMARTBOOK,2d6c4938-b407-4254-8267-89d67bf1b832,Cố Định Một Đám Mây (Tái Bản 2023),75,75,0,1,0,0,23.343284,27,23,7,2576000
BASE,SMARTBOOK,e7062139-99aa-4e0d-95db-33f5e11f987f,Dune - Xứ Cát,17,17,0,1,0,0,10.919403,17,15,5,3000000
BASE,SMARTBOOK,7a3855db-1b71-4de7-a099-ce426a5f9b92,Beartown 2 - Chúng Tôi Đấu Với Các Bạn,41,41,0,1,0,0,16.776119,22,20,6,3840000
BASE,SMARTBOOK,4b171cee-eb1e-49c5-9d4f-3ad7ed20f9de,Mẹ Làm Gì Có Ước Mơ,46,45,1,0.978261,1,0.002985,15.21791,19,17,5,1496000
BASE,SMARTBOOK,9cc5f1a7-0710-4501-a1b6-a4e9575196d5,Phương Pháp Kaizen - The Kaizen Way (Tái Bản 2023),103,101,2,0.980583,2,0.00597,26.880597,39,32,7,2144000
BASE,SMARTBOOK,4c69d312-db95-4cb0-b92b-d76d7dfd6d26,Chuyện Người Hà Nội - Tập 1 (Tái Bản),157,157,0,1,0,0,31.549254,43,34,8,4194580
BASE,SMARTBOOK,7216cd71-f236-40d8-b471-950038ba3595,Ngày Xưa Có Một Chuyện Tình - Khổ Nhỏ (Tái Bản 2025),22,19,3,0.863636,3,0.008955,12.883582,17,15,5,990000
BASE,SMARTBOOK,3ea867cd-26c2-4678-91c4-fe79dd2f314c,30 Tuổi - Mọi Thứ Chỉ Mới Bắt Đầu,65,63,2,0.969231,2,0.00597,18.20597,26,23,7,2173500
BASE,SMARTBOOK,3ee63e00-f1ad-4c7c-b389-6151b4cf4f3f,Thế Giới Qua Đôi Mắt Cá Của Cô Ấy,69,69,0,1,0,0,25.656716,29,26,5,2496000
BASE,SMARTBOOK,cbb835fe-e6f9-4def-83c2-cb596e926767,Cá Voi Tỷ Đô (Tái Bản 2022),85,83,2,0.976471,2,0.00597,24.629851,30,26,6,3572400
BASE,SMARTBOOK,a1feccf3-f32c-41e4-94b3-08c80509cabd,Bí Mật Của Phan Thiên Ân (Tái Bản 2023),81,79,2,0.975309,2,0.00597,20.295522,26,22,5,1518000
BASE,SMARTBOOK,dbb7bfee-b032-445c-b4db-5b39f666bc59,Người Đàn Ông Mang Tên OVE (Tái Bản),113,113,0,1,0,0,30.253731,43,34,10,4624000
BASE,SMARTBOOK,3fcf3a06-cf56-4c10-abd1-a050da083968,Mong Em Đừng Quên Mình Cũng Là Bông Hoa,92,92,0,1,0,0,28.952239,38,32,8,2560000
BASE,SMARTBOOK,9db55cde-04ba-41de-baf9-e080e868e8be,Peter Drucker - Tư Duy Đúng Quản Lý Đúng,68,68,0,1,0,0,20.540299,28,24,8,2664000
BASE,SMARTBOOK,3838b223-627e-4c1d-baaf-813b94bea125,Stop Overthinking,70,70,0,1,0,0,19.964179,25,20,6,1140000
BASE,SMARTBOOK,d9bf27dd-d22c-4f23-8530-d59c2675c5fe,Yêu Những Điều Không Hoàn Hảo (Tái Bản 2025),50,50,0,1,0,0,18.549254,23,21,7,2667000
BASE,SMARTBOOK,3eeab019-ed7d-43c6-a1fd-4f70d622a501,Hạ Đỏ (Tái Bản 2022),30,30,0,1,0,0,14.447761,18,16,4,1296000
BASE,SMARTBOOK,cc0a71ab-e0bb-4227-9dcf-d126435e5c1d,Cây Cam Ngọt Của Tôi (Tái Bản 2026),186,181,5,0.973118,4,0.01194,48.01194,58,46,10,4600000
BASE,SMARTBOOK,70dec001-4a12-47f1-a721-02704a816db5,Đi Ra Thế Giới Ngắm Nhìn Bản Thân,58,57,1,0.982759,1,0.002985,21.797015,27,23,6,2208000
BASE,SMARTBOOK,191b9776-aadf-407a-b351-ad534b4dd1fa,Người Giàu Có Nhất Thành Babylon,108,103,5,0.953704,5,0.014925,27.023881,33,26,6,1872000
BASE,SMARTBOOK,bc62419f-b48b-4940-8b56-7419af414113,So do,21,20,1,0.952381,1,0.002985,12.495522,14,12,4,1020000
BASE,SMARTBOOK,e7f7c44e-7544-499d-a212-d3ef242e0ca2,So do,0,0,0,,0,0,2,2,0,0,0
BASE,SMARTBOOK,d4af95a6-cb37-4113-a8ea-e411a3194083,Chiec la cuoi cung,176,170,6,0.965909,3,0.008955,41.979104,49,40,5,1400000
BASE,SMARTBOOK,75a81436-94d6-4a99-bd69-67d8d4f4d989,Thuyen bac nho,21,20,1,0.952381,1,0.002985,11.585075,18,16,5,880000
BASE,SMARTBOOK,9f1ef341-1f66-4222-bdff-a2e16bc0b228,Tam Cam,87,87,0,1,0,0,25.573134,29,22,6,1056000
BASE,SMARTBOOK,4e0f3c7a-7ca7-4ff3-9767-cf16226b21e0,Toi thay hoa vang tren co xanh,17,17,0,1,0,0,12.555224,15,13,4,845000
BASE,SMARTBOOK,86936782-5b22-4351-a186-842a2dbfe829,Norwegian Wood,923,923,0,1,0,0,129.486567,148,101,16,18180000
BASE,SMARTBOOK,bac33105-63c7-4c1e-b248-dcdc80bde178,One Hundred Years of Solitude,228,228,0,1,0,0,46.444776,58,41,13,9020000
BASE,SMARTBOOK,fba2ecd6-faa9-4cc0-8b8c-48ea3c061a5f,Cho toi xin mot ve di tuoi tho,126,124,2,0.984127,2,0.00597,27.355224,41,33,7,1815000
BASE,SMARTBOOK,0b44cf68-aa1d-4d7e-bd68-17ac2cfee8e0,Dac trung tam ly hoc cua nguoi Viet,103,103,0,1,0,0,25.81194,33,28,6,2492000
BASE,SMARTBOOK,b895862b-45f0-400c-87ce-8d791ff59f3b,Kafka on the Shore,389,389,0,1,0,0,76.026866,88,54,7,10800000
BASE,SMARTBOOK,8aafb186-bfca-418f-8fc1-23905aba4c08,Dế Mèn Phiêu Lưu Ký,12,12,0,1,0,0,13.373134,21,19,5,1292000
BASE,SMARTBOOK,8420a581-4b6a-4045-9b27-fafc3d71d933,Tư Duy Phản Biện,411,411,0,1,0,0,68.471642,85,54,12,4968000
BASE,SMARTBOOK,48803af6-66c3-4cbd-ac51-5be550f88ee3,Project Hail Mary,266,266,0,1,0,0,52.414925,67,53,12,11130000
BASE,SMARTBOOK,3db55781-a092-4169-9224-6648561e5869,Tư Duy Như Kinh Tế Gia,121,121,0,1,0,0,25.937313,33,25,6,3062500
BASE,SMARTBOOK,5030f797-1175-46f3-b092-bca18073fa6e,Tư Duy Ngược,153,153,0,1,0,0,35.370149,51,45,12,4185000
BASE,SMARTBOOK,82ff6d4d-db0a-41dd-9846-af7e15856b29,Babel Hay Sự Cần Thiết Của Bạo Lực,441,441,0,1,0,0,78.325373,95,66,10,17754000
BASE,SMARTBOOK,b3dcca37-bf34-494c-a73e-a508c1d6febc,Mắt Biếc (Tái Bản 2022),22,20,2,0.909091,2,0.00597,13.4,19,17,4,1598000
BASE,SMARTBOOK,30b3687f-5a49-40b9-81ec-675903560325,Tôi Thấy Hoa Vàng Trên Cỏ Xanh (Tái Bản 2023),68,68,0,1,0,0,27.247761,35,30,8,3840000
BASE,SMARTBOOK,fa2e3c75-6d36-4814-92e8-b0767eccc60c,3 Người Thầy Vĩ Đại (Tái Bản),175,175,0,1,0,0,38.997015,47,34,7,3128000
BASE,SMARTBOOK,5851cb9b-9e1e-4c57-a942-5d5aaeb65d0d,Những Bộ Óc Tỷ Đô - Larry Ellison,105,104,1,0.990476,1,0.002985,26.81791,32,30,7,3540000
BASE,SMARTBOOK,41a4647f-3a55-4dd1-afe1-a4820372a9d3,Hiểu Về Trái Tim (Tái Bản 2023),70,70,0,1,0,0,18.820896,23,19,5,2565000
BASE,SMARTBOOK,e02a87a2-2d93-45b1-99fb-fb520e176589,Đi Qua Hoa Cúc (Tái Bản 2022),20,20,0,1,0,0,10.835821,17,15,4,510000
BASE,SMARTBOOK,439e7f9d-16fb-40ca-be5a-b708191ccdf3,Bố Con Cá Gai (Tái Bản 2026),45,45,0,1,0,0,22.531343,26,23,7,2553000
BASE,SMARTBOOK,763242f9-efe8-499f-9c20-264ab1b9cbb7,Tư Duy Nhanh Và Chậm (Tái Bản 2021),55,55,0,1,0,0,17.635821,28,25,8,4707500
BASE,SMARTBOOK,dc30581d-101a-43b0-92ad-bbf383ca5055,Sống Với Trái Tim Biết Đủ,60,60,0,1,0,0,18.474627,27,24,6,3158400
BASE,SMARTBOOK,bd8d5784-c9c9-4b87-96e7-432df90b69bf,Những Quy Luật Của Bản Chất Con Người,90,90,0,1,0,0,21.838806,27,23,7,5313000
BASE,SMARTBOOK,6bd56470-000d-4df2-bad7-c1452d98e9e4,"Beartown - Thị Trấn Nhỏ, Giấc Mơ Lớn",45,45,0,1,0,0,15.450746,18,15,4,2685000
BASE,SMARTBOOK,9f770969-8a8c-4804-b3ac-fafb8d57bc1e,Từ Tốt Đến Vĩ Đại (Tái Bản 2021),128,128,0,1,0,0,34.340299,46,35,8,3500000
BASE,SMARTBOOK,49f2117e-ce79-415d-99cd-e05b713ed7b2,Binh Pháp Tôn Tử Và Nghệ Thuật Kiếm Tiền (Tái Bản 2025),97,97,0,1,0,0,22.316418,28,27,8,1863000
BASE,SMARTBOOK,6c15fe64-6e2a-472e-a8bb-6fff8b7e5846,Nghệ Thuật Tư Duy Chiến Lược,199,199,0,1,0,0,51.81791,57,42,6,7014000
BASE,SMARTBOOK,4e338753-2e07-41a8-82e1-5f6cafd4d09e,Sưởi Ấm Mặt Trời,77,77,0,1,0,0,23.161194,25,20,4,2560000
BASE,SMARTBOOK,17a254a4-ab51-4e36-b7d1-e2a0b4f0a2af,Người Bà Tài Giỏi Vùng Saga,17,17,0,1,0,0,9.713433,15,16,4,1648000
BASE,SMARTBOOK,b730afae-cc77-434c-842c-13373e4ab9cb,Saigon In My Memories,40,40,0,1,0,0,16.274627,22,20,6,2400000
BASE,SMARTBOOK,30a10853-4a35-406f-811a-e8ef09eb77a4,Điều Kỳ Diệu Của Tiệm Tạp Hóa Namiya,74,71,3,0.959459,2,0.00597,23.244776,32,28,7,3136000
BASE,SMARTBOOK,9e9b21a8-e6f1-4ed7-a890-b36c2cd3f15c,Giao Tiếp Bất Bạo Động,62,62,0,1,0,0,18.734328,24,21,6,2289000
BASE,SMARTBOOK,ac064e08-c9a8-497d-8a00-145d405ec593,Lời Thú Tội Của Một Sát Thủ Kinh Tế - Bìa Cứng (Tái Bản 2023),98,98,0,1,0,0,30.573134,41,36,7,5733000
BASE,SMARTBOOK,9592f565-f402-4f16-a47c-e22f4c45f5ce,Chiếc Nhẫn Bằng Thép (Tái Bản 2024),87,87,0,1,0,0,23.865672,27,22,6,1056000
BASE,SMARTBOOK,39c4df9c-c3ac-4b56-8274-40118c7d9878,Bí Mật Của May Mắn - Khổ Lớn (Tái Bản 2021),98,98,0,1,0,0,26.761194,37,32,9,1760000
BASE,SMARTBOOK,7ffb7ef3-1a70-4f98-837d-a8b309b3915d,Đàn Ông Sao Hỏa Đàn Bà Sao Kim,79,78,1,0.987342,1,0.002985,20.522388,27,23,7,3036000
BASE,SMARTBOOK,206db08a-7df7-4a7c-9ee3-c771fe2cc502,Gửi Đến Bạn Một Cái Ôm Ấm Áp,63,62,1,0.984127,1,0.002985,20.274627,26,22,6,2112000
BASE,SMARTBOOK,fc3cf3ec-728a-4f0c-8792-dfa9d883a7ec,999 Lá Thư Gửi Cho Chính Mình (Tái Bản 2024),36,35,1,0.972222,1,0.002985,14.916418,22,20,6,1920000
BASE,SMARTBOOK,20011b9b-09c2-4fc0-9ecd-63eac530b4f9,Nhật Ký Đặng Thùy Trâm (Tái Bản 2026),42,42,0,1,0,0,14.343284,18,16,4,1408000
BASE,SMARTBOOK,6f6c5213-f4db-4ff4-a367-989230e288e4,Thiên Cơ - Secret,64,64,0,1,0,0,22.137313,25,22,5,2158200
BASE,SMARTBOOK,47a161c1-e2da-48c3-84eb-baac749b69e9,Vừa Nhắm Mắt Vừa Mở Cửa Số (Tái Bản 2022),26,25,1,0.961538,1,0.002985,11.823881,15,13,4,832000
BASE,SMARTBOOK_BUDGET_MATCHED,fc6d812f-3327-4e4d-a0b1-24463118b162,Nghệ Thuật Giao Tiếp Đỉnh Cao,237,237,0,1,0,0,35.483582,41,24,2,1992000
BASE,SMARTBOOK_BUDGET_MATCHED,9a3f8950-6157-4ed2-ad63-b9c77c1aeb66,Nhà Giả Kim (Tái Bản 2025),37,23,14,0.621622,14,0.041791,2.61194,7,5,1,380000
BASE,SMARTBOOK_BUDGET_MATCHED,7c0955d6-90a9-43a8-adb8-8f61d82012da,Sức Hút Của Sự Tử Tế,67,56,11,0.835821,11,0.032836,9.149254,15,10,2,510000
BASE,SMARTBOOK_BUDGET_MATCHED,cf4646e1-6779-441e-824c-855af4eee488,Những Kẻ Âu Lo - Anxious People,57,44,13,0.77193,11,0.032836,4,4,0,0,0
BASE,SMARTBOOK_BUDGET_MATCHED,c5b1e6b4-5c12-41e8-bad6-262f60dedfaa,Vượt Côn Đảo (Tái Bản 2025),17,14,3,0.823529,3,0.008955,2,2,0,0,0
BASE,SMARTBOOK_BUDGET_MATCHED,e3f4b796-e9f5-4fa9-bd4a-182d92bf9411,Còn Chút Gì Để Nhớ (2022),22,16,6,0.727273,5,0.014925,2,2,0,0,0
BASE,SMARTBOOK_BUDGET_MATCHED,de9c3f6b-47a2-4ded-873e-8ffe3a123761,Bí Mật Tối Thượng - The Secret Of Secrets - Bìa Cứng,31,30,1,0.967742,1,0.002985,3,3,0,0,0
BASE,SMARTBOOK_BUDGET_MATCHED,24b102fb-3128-467b-814b-4f3b2bdcc8cd,Chiến Lược Mua Bán Và Sáp Nhập Doanh Nghiệp,109,105,4,0.963303,4,0.01194,12.268657,27,20,3,4720000
BASE,SMARTBOOK_BUDGET_MATCHED,2815929a-f172-4186-a2d0-4f3974815d6d,Sắc Lời Đắc Thế,320,320,0,1,0,0,50.21791,54,38,2,3420000
BASE,SMARTBOOK_BUDGET_MATCHED,aef56978-5b40-4932-bc13-785014cdec34,Trưởng Thành Cùng Nỗi Cô Đơn,48,34,14,0.708333,14,0.041791,2.61194,7,5,1,438750
BASE,SMARTBOOK_BUDGET_MATCHED,5a4a20e8-9b47-48d3-a13b-c6fc0a9e69c1,Lén Nhặt Chuyện Đời,25,25,0,1,0,0,6.01194,9,7,2,476000
BASE,SMARTBOOK_BUDGET_MATCHED,d5c39c3a-6fb8-45c4-a964-6f04fe1e88b9,38 Bức Thư Rockefeller Viết Cho Con Trai,51,35,16,0.686275,14,0.041791,3.343284,7,10,2,920000
BASE,SMARTBOOK_BUDGET_MATCHED,5d19f364-83cf-4c86-bd82-0a50a8bdab35,Nghĩ Giàu & Làm Giàu (Tái Bản 2020),74,74,0,1,0,0,13.507463,18,12,2,960000
BASE,SMARTBOOK_BUDGET_MATCHED,06405ece-30aa-4777-aeeb-77db47f1bff1,Phương Pháp Đặt Câu Hỏi Của Socrates,53,34,19,0.641509,18,0.053731,3,3,5,1,330000
BASE,SMARTBOOK_BUDGET_MATCHED,73611159-559c-4677-97c2-2dd0492c5aad,Con Đường Chẳng Mấy Ai Đi,116,113,3,0.974138,3,0.008955,19.844776,23,16,2,1795200
BASE,SMARTBOOK_BUDGET_MATCHED,2537fa9d-7b69-4bcf-8bda-64737596a4d4,Đi Tìm Lẽ Sống (Tái Bản 2022),217,215,2,0.990783,2,0.00597,25.997015,34,23,4,1472000
BASE,SMARTBOOK_BUDGET_MATCHED,34d95aaf-02b3-4936-8d60-aabe749c1d4a,Tư Duy Của Chiến Lược Gia (Tái Bản 2026),76,60,16,0.789474,14,0.041791,5.823881,16,12,2,1500000
BASE,SMARTBOOK_BUDGET_MATCHED,377b5404-feaf-406b-93f9-c7eb58fd0966,Chuyện ICU - Lá Gan Hạnh Phúc,47,30,17,0.638298,17,0.050746,3,3,0,0,0
BASE,SMARTBOOK_BUDGET_MATCHED,7ba7cff0-0ce1-4f92-a6c8-1b9c23f81dc0,Anh Em Nhà Karamazov - Bìa Cứng (Tái Bản 2026),27,18,9,0.666667,7,0.020896,2,2,0,0,0
BASE,SMARTBOOK_BUDGET_MATCHED,30d7c81f-4755-4c92-90d0-083c6ca61ab7,Totto-Chan Bên Cửa Sổ - Những Chuyện Tiếp Theo,34,24,10,0.705882,10,0.029851,2,2,0,0,0
BASE,SMARTBOOK_BUDGET_MATCHED,43863cd3-f4a1-45ba-a77e-2b6dec97b395,Dune Messiah - Cứu Tinh Xứ Cát,20,18,2,0.9,2,0.00597,2,2,0,0,0
BASE,SMARTBOOK_BUDGET_MATCHED,fb50eabe-3cb9-4e7f-8e8d-d310fb341699,Được Học (Tái Bản 2022),68,46,22,0.676471,19,0.056716,3,3,0,0,0
BASE,SMARTBOOK_BUDGET_MATCHED,79b70abf-c2b2-4cb1-be5b-6447ed3c8b16,Sống Một Đời Rực Rỡ Dẫu Thế Gian Nhạt Nhòa,56,29,27,0.517857,25,0.074627,2,2,0,0,0
BASE,SMARTBOOK_BUDGET_MATCHED,b7d33190-371c-41b4-b2b5-5b23be497d03,Gió Lạnh Đầu Mùa (Tái Bản 2023),31,26,5,0.83871,5,0.014925,3.665672,4,8,3,440000
BASE,SMARTBOOK_BUDGET_MATCHED,c3bd1092-7d7b-4cad-887c-ae3d5e647e82,Những Bộ Óc Tỷ Đô - Warren Buffett,93,92,1,0.989247,1,0.002985,10.647761,17,13,2,1573000
BASE,SMARTBOOK_BUDGET_MATCHED,ad9e4f54-4a21-4aa9-9284-c51d0427d0bd,Hồ Điệp Và Kình Ngư,26,16,10,0.615385,10,0.029851,2,2,0,0,0
BASE,SMARTBOOK_BUDGET_MATCHED,9c061418-bc56-4d66-a66a-7674f7ecc6ca,Beartown - Tập 3 - Những Người Chiến Thắng,58,46,12,0.793103,11,0.032836,5.137313,15,12,2,3672000
BASE,SMARTBOOK_BUDGET_MATCHED,b90f2c79-5509-4d5d-943b-bd823de282de,Nếu Biết Trăm Năm Là Hữu Hạn (Tái Bản 2024),47,33,14,0.702128,13,0.038806,2,2,0,0,0
BASE,SMARTBOOK_BUDGET_MATCHED,41c8752a-e477-4b5c-a566-d96a3e42cc30,Cho Tôi Xin Một Vé Đi Tuổi Thơ (Tái Bản 2023),77,61,16,0.792208,15,0.044776,7.429851,17,13,2,1001000
BASE,SMARTBOOK_BUDGET_MATCHED,029c96d7-67b2-4667-94f8-ea53b6980d30,Tôi Là Bêtô (Tái Bản 2023),15,11,4,0.733333,4,0.01194,2,2,0,0,0
BASE,SMARTBOOK_BUDGET_MATCHED,a3ac206b-7e9b-4dbd-b059-c116c20657cd,Sứ Mệnh Hail Mary - Project Hail Mary,31,23,8,0.741935,8,0.023881,2,2,0,0,0
BASE,SMARTBOOK_BUDGET_MATCHED,f53bd23d-daf2-4e35-9163-2a1fe86535b5,Phương Pháp Đầu Tư Warren Buffett (Tái Bản 2025),120,120,0,1,0,0,16.659701,26,16,3,1892800
BASE,SMARTBOOK_BUDGET_MATCHED,4b6b2955-bd2e-415f-8c37-0e873de42813,Trường Ca Achilles,68,56,12,0.823529,11,0.032836,5.552239,9,5,1,625000
BASE,SMARTBOOK_BUDGET_MATCHED,76dec7f5-18a3-4e9d-9ad7-b9a28307a45e,Ngôi Thứ Nhất Số Ít,52,22,30,0.423077,30,0.089552,2,2,0,0,0
BASE,SMARTBOOK_BUDGET_MATCHED,a9278967-67e4-4363-b583-291abcfa2e2a,Kỵ Sĩ Không Đầu,164,164,0,1,0,0,27.414925,35,20,6,1200000
BASE,SMARTBOOK_BUDGET_MATCHED,aa418a35-8638-411a-95fc-170b94eaa503,Cuộc Đời Của Pi,248,242,6,0.975806,5,0.014925,41.629851,61,46,4,5152000
BASE,SMARTBOOK_BUDGET_MATCHED,cc51e8dd-bffe-4355-b478-870777137ac3,7 Thói Quen Hiệu Quả - Bìa Cứng (Tái Bản 2022),93,79,14,0.849462,13,0.038806,6.537313,15,10,2,1750000
BASE,SMARTBOOK_BUDGET_MATCHED,723b6de0-6287-4c3a-a9b7-8bc6f13f4789,Phương Pháp Học Tập Feynman,137,125,12,0.912409,8,0.023881,15.841791,34,26,3,2121600
BASE,SMARTBOOK_BUDGET_MATCHED,73656bdf-5484-4495-90d6-768ee5034fcf,Những Nỗi Đau Đứt Đoạn,90,65,25,0.722222,20,0.059701,4.859701,10,6,1,528000
BASE,SMARTBOOK_BUDGET_MATCHED,1de2e665-178a-47bf-b5b7-9e2d03e84ea0,Người Ăn Chay,50,34,16,0.68,13,0.038806,2.913433,11,9,1,1080000
BASE,SMARTBOOK_BUDGET_MATCHED,09c1a1a8-cb1c-40fb-8120-473c749c4439,Những Kẻ Xuất Chúng (Tái Bản 2021),174,174,0,1,0,0,26.985075,32,10,1,1110000
BASE,SMARTBOOK_BUDGET_MATCHED,5eaa5dfa-9938-43e5-aba9-4532caffc20d,Bà Ngoại Tôi Gửi Lời Xin Lỗi (Tái Bản 2023),36,24,12,0.666667,11,0.032836,2,2,0,0,0
BASE,SMARTBOOK_BUDGET_MATCHED,a8ab4eb4-d1d9-49e3-ae56-131510154aff,Tôi Thích Dáng Vẻ Nỗ Lực Của Chính Mình,39,34,5,0.871795,5,0.014925,3.238806,7,5,1,400000
BASE,SMARTBOOK_BUDGET_MATCHED,20792a3e-de78-4ba3-8f04-b702ec44d3a7,Giấu Nếp Cũ Trong Sương,38,19,19,0.5,18,0.053731,2,2,0,0,0
BASE,SMARTBOOK_BUDGET_MATCHED,403345b8-9a6d-4d1e-8505-ba07bcdc38ef,Cố Nhân Tình,57,45,12,0.789474,11,0.032836,4.61194,9,5,1,496400
BASE,SMARTBOOK_BUDGET_MATCHED,77dcac4c-0443-495f-b182-dfa18b3c510a,48 Nguyên Tắc Chủ Chốt Của Quyền Lực (Tái Bản),148,148,0,1,0,0,23.238806,34,22,3,3388000
BASE,SMARTBOOK_BUDGET_MATCHED,56f65076-84d9-4023-8277-d7d08139f19d,Nghệ Thuật Tinh Tế Của Việc Đếch Quan Tâm (Tái Bản 2021),110,105,5,0.954545,5,0.014925,13.274627,19,12,2,1104000
BASE,SMARTBOOK_BUDGET_MATCHED,5f43a665-3ccd-45ca-bbd2-d48c61552ed4,Không Bao Giờ Là Thất Bại! Tất Cả Là Thử Thách (Tái Bản 2023),94,89,5,0.946809,5,0.014925,11.776119,17,10,2,1520000
BASE,SMARTBOOK_BUDGET_MATCHED,bdd2366d-9569-4869-9938-5d74325e73de,Giao Thừa (Tái Bản 2019),43,33,10,0.767442,10,0.029851,4.238806,8,5,1,405000
BASE,SMARTBOOK_BUDGET_MATCHED,2d6c4938-b407-4254-8267-89d67bf1b832,Cố Định Một Đám Mây (Tái Bản 2023),75,58,17,0.773333,17,0.050746,4,4,12,1,1344000
BASE,SMARTBOOK_BUDGET_MATCHED,e7062139-99aa-4e0d-95db-33f5e11f987f,Dune - Xứ Cát,17,15,2,0.882353,2,0.00597,2,2,0,0,0
BASE,SMARTBOOK_BUDGET_MATCHED,7a3855db-1b71-4de7-a099-ce426a5f9b92,Beartown 2 - Chúng Tôi Đấu Với Các Bạn,41,24,17,0.585366,15,0.044776,2,2,0,0,0
BASE,SMARTBOOK_BUDGET_MATCHED,4b171cee-eb1e-49c5-9d4f-3ad7ed20f9de,Mẹ Làm Gì Có Ước Mơ,46,28,18,0.608696,18,0.053731,3.552239,7,5,1,440000
BASE,SMARTBOOK_BUDGET_MATCHED,9cc5f1a7-0710-4501-a1b6-a4e9575196d5,Phương Pháp Kaizen - The Kaizen Way (Tái Bản 2023),103,101,2,0.980583,2,0.00597,16.059701,31,24,3,1608000
BASE,SMARTBOOK_BUDGET_MATCHED,4c69d312-db95-4cb0-b92b-d76d7dfd6d26,Chuyện Người Hà Nội - Tập 1 (Tái Bản),157,153,4,0.974522,4,0.01194,19.331343,27,18,3,2220660
BASE,SMARTBOOK_BUDGET_MATCHED,7216cd71-f236-40d8-b471-950038ba3595,Ngày Xưa Có Một Chuyện Tình - Khổ Nhỏ (Tái Bản 2025),22,16,6,0.727273,6,0.01791,2,2,0,0,0
BASE,SMARTBOOK_BUDGET_MATCHED,3ea867cd-26c2-4678-91c4-fe79dd2f314c,30 Tuổi - Mọi Thứ Chỉ Mới Bắt Đầu,65,37,28,0.569231,24,0.071642,3,3,0,0,0
BASE,SMARTBOOK_BUDGET_MATCHED,3ee63e00-f1ad-4c7c-b389-6151b4cf4f3f,Thế Giới Qua Đôi Mắt Cá Của Cô Ấy,69,54,15,0.782609,13,0.038806,6.208955,13,10,2,960000
BASE,SMARTBOOK_BUDGET_MATCHED,cbb835fe-e6f9-4def-83c2-cb596e926767,Cá Voi Tỷ Đô (Tái Bản 2022),85,63,22,0.741176,19,0.056716,4.349254,13,9,1,1236600
BASE,SMARTBOOK_BUDGET_MATCHED,a1feccf3-f32c-41e4-94b3-08c80509cabd,Bí Mật Của Phan Thiên Ân (Tái Bản 2023),81,71,10,0.876543,9,0.026866,8.898507,22,18,4,1242000
BASE,SMARTBOOK_BUDGET_MATCHED,dbb7bfee-b032-445c-b4db-5b39f666bc59,Người Đàn Ông Mang Tên OVE (Tái Bản),113,113,0,1,0,0,17.38806,34,25,4,3400000
BASE,SMARTBOOK_BUDGET_MATCHED,3fcf3a06-cf56-4c10-abd1-a050da083968,Mong Em Đừng Quên Mình Cũng Là Bông Hoa,92,79,13,0.858696,10,0.029851,10.928358,21,15,2,1200000
BASE,SMARTBOOK_BUDGET_MATCHED,9db55cde-04ba-41de-baf9-e080e868e8be,Peter Drucker - Tư Duy Đúng Quản Lý Đúng,68,41,27,0.602941,23,0.068657,4,4,0,0,0
BASE,SMARTBOOK_BUDGET_MATCHED,3838b223-627e-4c1d-baaf-813b94bea125,Stop Overthinking,70,64,6,0.914286,6,0.01791,8.089552,20,15,3,855000
BASE,SMARTBOOK_BUDGET_MATCHED,d9bf27dd-d22c-4f23-8530-d59c2675c5fe,Yêu Những Điều Không Hoàn Hảo (Tái Bản 2025),50,27,23,0.54,23,0.068657,2,2,0,0,0
BASE,SMARTBOOK_BUDGET_MATCHED,3eeab019-ed7d-43c6-a1fd-4f70d622a501,Hạ Đỏ (Tái Bản 2022),30,20,10,0.666667,9,0.026866,2,2,0,0,0
BASE,SMARTBOOK_BUDGET_MATCHED,cc0a71ab-e0bb-4227-9dcf-d126435e5c1d,Cây Cam Ngọt Của Tôi (Tái Bản 2026),186,176,10,0.946237,7,0.020896,25.229851,32,20,2,2000000
BASE,SMARTBOOK_BUDGET_MATCHED,70dec001-4a12-47f1-a721-02704a816db5,Đi Ra Thế Giới Ngắm Nhìn Bản Thân,58,54,4,0.931034,3,0.008955,7.641791,9,5,1,480000
BASE,SMARTBOOK_BUDGET_MATCHED,191b9776-aadf-407a-b351-ad534b4dd1fa,Người Giàu Có Nhất Thành Babylon,108,96,12,0.888889,12,0.035821,13.277612,25,18,3,1296000
BASE,SMARTBOOK_BUDGET_MATCHED,bc62419f-b48b-4940-8b56-7419af414113,So do,21,17,4,0.809524,4,0.01194,2,2,0,0,0
BASE,SMARTBOOK_BUDGET_MATCHED,e7f7c44e-7544-499d-a212-d3ef242e0ca2,So do,0,0,0,,0,0,2,2,0,0,0
BASE,SMARTBOOK_BUDGET_MATCHED,d4af95a6-cb37-4113-a8ea-e411a3194083,Chiec la cuoi cung,176,164,12,0.931818,8,0.023881,30.444776,35,26,4,910000
BASE,SMARTBOOK_BUDGET_MATCHED,75a81436-94d6-4a99-bd69-67d8d4f4d989,Thuyen bac nho,21,18,3,0.857143,3,0.008955,2.728358,3,1,1,55000
BASE,SMARTBOOK_BUDGET_MATCHED,9f1ef341-1f66-4222-bdff-a2e16bc0b228,Tam Cam,87,87,0,1,0,0,15.244776,17,7,1,336000
BASE,SMARTBOOK_BUDGET_MATCHED,4e0f3c7a-7ca7-4ff3-9767-cf16226b21e0,Toi thay hoa vang tren co xanh,17,13,4,0.764706,4,0.01194,2,2,0,0,0
BASE,SMARTBOOK_BUDGET_MATCHED,86936782-5b22-4351-a186-842a2dbfe829,Norwegian Wood,923,916,7,0.992416,2,0.00597,83.647761,104,51,6,9180000
BASE,SMARTBOOK_BUDGET_MATCHED,bac33105-63c7-4c1e-b248-dcdc80bde178,One Hundred Years of Solitude,228,228,0,1,0,0,35.916418,43,23,4,5060000
BASE,SMARTBOOK_BUDGET_MATCHED,fba2ecd6-faa9-4cc0-8b8c-48ea3c061a5f,Cho toi xin mot ve di tuoi tho,126,123,3,0.97619,3,0.008955,15.597015,32,24,6,1320000
BASE,SMARTBOOK_BUDGET_MATCHED,0b44cf68-aa1d-4d7e-bd68-17ac2cfee8e0,Dac trung tam ly hoc cua nguoi Viet,103,81,22,0.786408,17,0.050746,7.98209,14,9,1,801000
BASE,SMARTBOOK_BUDGET_MATCHED,b895862b-45f0-400c-87ce-8d791ff59f3b,Kafka on the Shore,389,389,0,1,0,0,51,58,24,4,4800000
BASE,SMARTBOOK_BUDGET_MATCHED,8aafb186-bfca-418f-8fc1-23905aba4c08,Dế Mèn Phiêu Lưu Ký,12,11,1,0.916667,1,0.002985,2,2,0,0,0
BASE,SMARTBOOK_BUDGET_MATCHED,8420a581-4b6a-4045-9b27-fafc3d71d933,Tư Duy Phản Biện,411,411,0,1,0,0,56.61194,61,30,2,2760000
BASE,SMARTBOOK_BUDGET_MATCHED,48803af6-66c3-4cbd-ac51-5be550f88ee3,Project Hail Mary,266,259,7,0.973684,6,0.01791,37.256716,49,35,4,7350000
BASE,SMARTBOOK_BUDGET_MATCHED,3db55781-a092-4169-9224-6648561e5869,Tư Duy Như Kinh Tế Gia,121,117,4,0.966942,1,0.002985,15.976119,24,16,2,1960000
BASE,SMARTBOOK_BUDGET_MATCHED,5030f797-1175-46f3-b092-bca18073fa6e,Tư Duy Ngược,153,151,2,0.986928,2,0.00597,19.907463,37,24,3,2232000
BASE,SMARTBOOK_BUDGET_MATCHED,82ff6d4d-db0a-41dd-9846-af7e15856b29,Babel Hay Sự Cần Thiết Của Bạo Lực,441,441,0,1,0,0,46.355224,74,45,7,12105000
BASE,SMARTBOOK_BUDGET_MATCHED,b3dcca37-bf34-494c-a73e-a508c1d6febc,Mắt Biếc (Tái Bản 2022),22,17,5,0.772727,5,0.014925,2,2,0,0,0
BASE,SMARTBOOK_BUDGET_MATCHED,30b3687f-5a49-40b9-81ec-675903560325,Tôi Thấy Hoa Vàng Trên Cỏ Xanh (Tái Bản 2023),68,58,10,0.852941,9,0.026866,7.149254,20,15,1,1920000
BASE,SMARTBOOK_BUDGET_MATCHED,fa2e3c75-6d36-4814-92e8-b0767eccc60c,3 Người Thầy Vĩ Đại (Tái Bản),175,175,0,1,0,0,25.137313,35,22,2,2024000
BASE,SMARTBOOK_BUDGET_MATCHED,5851cb9b-9e1e-4c57-a942-5d5aaeb65d0d,Những Bộ Óc Tỷ Đô - Larry Ellison,105,98,7,0.933333,6,0.01791,12.653731,17,23,4,2714000
BASE,SMARTBOOK_BUDGET_MATCHED,41a4647f-3a55-4dd1-afe1-a4820372a9d3,Hiểu Về Trái Tim (Tái Bản 2023),70,63,7,0.9,6,0.01791,7.626866,14,10,2,1350000
BASE,SMARTBOOK_BUDGET_MATCHED,e02a87a2-2d93-45b1-99fb-fb520e176589,Đi Qua Hoa Cúc (Tái Bản 2022),20,20,0,1,0,0,9.041791,16,14,4,476000
BASE,SMARTBOOK_BUDGET_MATCHED,439e7f9d-16fb-40ca-be5a-b708191ccdf3,Bố Con Cá Gai (Tái Bản 2026),45,34,11,0.755556,11,0.032836,3,3,0,0,0
BASE,SMARTBOOK_BUDGET_MATCHED,763242f9-efe8-499f-9c20-264ab1b9cbb7,Tư Duy Nhanh Và Chậm (Tái Bản 2021),55,41,14,0.745455,13,0.038806,4.029851,8,10,2,1883000
BASE,SMARTBOOK_BUDGET_MATCHED,dc30581d-101a-43b0-92ad-bbf383ca5055,Sống Với Trái Tim Biết Đủ,60,41,19,0.683333,18,0.053731,3,3,0,0,0
BASE,SMARTBOOK_BUDGET_MATCHED,bd8d5784-c9c9-4b87-96e7-432df90b69bf,Những Quy Luật Của Bản Chất Con Người,90,80,10,0.888889,8,0.023881,9.158209,12,8,1,1848000
BASE,SMARTBOOK_BUDGET_MATCHED,6bd56470-000d-4df2-bad7-c1452d98e9e4,"Beartown - Thị Trấn Nhỏ, Giấc Mơ Lớn",45,38,7,0.844444,7,0.020896,3,3,0,0,0
BASE,SMARTBOOK_BUDGET_MATCHED,9f770969-8a8c-4804-b3ac-fafb8d57bc1e,Từ Tốt Đến Vĩ Đại (Tái Bản 2021),128,128,0,1,0,0,19.107463,25,14,2,1400000
BASE,SMARTBOOK_BUDGET_MATCHED,49f2117e-ce79-415d-99cd-e05b713ed7b2,Binh Pháp Tôn Tử Và Nghệ Thuật Kiếm Tiền (Tái Bản 2025),97,97,0,1,0,0,13.026866,18,11,2,759000
BASE,SMARTBOOK_BUDGET_MATCHED,6c15fe64-6e2a-472e-a8bb-6fff8b7e5846,Nghệ Thuật Tư Duy Chiến Lược,199,199,0,1,0,0,31.749254,39,24,3,4008000
BASE,SMARTBOOK_BUDGET_MATCHED,4e338753-2e07-41a8-82e1-5f6cafd4d09e,Sưởi Ấm Mặt Trời,77,62,15,0.805195,12,0.035821,5,5,5,1,640000
BASE,SMARTBOOK_BUDGET_MATCHED,17a254a4-ab51-4e36-b7d1-e2a0b4f0a2af,Người Bà Tài Giỏi Vùng Saga,17,15,2,0.882353,2,0.00597,2,2,0,0,0
BASE,SMARTBOOK_BUDGET_MATCHED,b730afae-cc77-434c-842c-13373e4ab9cb,Saigon In My Memories,40,26,14,0.65,13,0.038806,2,2,0,0,0
BASE,SMARTBOOK_BUDGET_MATCHED,30a10853-4a35-406f-811a-e8ef09eb77a4,Điều Kỳ Diệu Của Tiệm Tạp Hóa Namiya,74,59,15,0.797297,13,0.038806,9.229851,16,12,1,1344000
BASE,SMARTBOOK_BUDGET_MATCHED,9e9b21a8-e6f1-4ed7-a890-b36c2cd3f15c,Giao Tiếp Bất Bạo Động,62,44,18,0.709677,17,0.050746,3.716418,8,10,2,1090000
BASE,SMARTBOOK_BUDGET_MATCHED,ac064e08-c9a8-497d-8a00-145d405ec593,Lời Thú Tội Của Một Sát Thủ Kinh Tế - Bìa Cứng (Tái Bản 2023),98,84,14,0.857143,13,0.038806,11.131343,16,11,2,1751750
BASE,SMARTBOOK_BUDGET_MATCHED,9592f565-f402-4f16-a47c-e22f4c45f5ce,Chiếc Nhẫn Bằng Thép (Tái Bản 2024),87,82,5,0.942529,5,0.014925,11.238806,15,10,2,480000
BASE,SMARTBOOK_BUDGET_MATCHED,39c4df9c-c3ac-4b56-8274-40118c7d9878,Bí Mật Của May Mắn - Khổ Lớn (Tái Bản 2021),98,92,6,0.938776,6,0.01791,13.856716,27,22,4,1210000
BASE,SMARTBOOK_BUDGET_MATCHED,7ffb7ef3-1a70-4f98-837d-a8b309b3915d,Đàn Ông Sao Hỏa Đàn Bà Sao Kim,79,74,5,0.936709,5,0.014925,14.695522,26,22,4,2904000
BASE,SMARTBOOK_BUDGET_MATCHED,206db08a-7df7-4a7c-9ee3-c771fe2cc502,Gửi Đến Bạn Một Cái Ôm Ấm Áp,63,55,8,0.873016,8,0.023881,7.940299,14,10,1,960000
BASE,SMARTBOOK_BUDGET_MATCHED,fc3cf3ec-728a-4f0c-8792-dfa9d883a7ec,999 Lá Thư Gửi Cho Chính Mình (Tái Bản 2024),36,23,13,0.638889,11,0.032836,2,2,0,0,0
BASE,SMARTBOOK_BUDGET_MATCHED,20011b9b-09c2-4fc0-9ecd-63eac530b4f9,Nhật Ký Đặng Thùy Trâm (Tái Bản 2026),42,34,8,0.809524,7,0.020896,2.4,8,6,2,528000
BASE,SMARTBOOK_BUDGET_MATCHED,6f6c5213-f4db-4ff4-a367-989230e288e4,Thiên Cơ - Secret,64,42,22,0.65625,21,0.062687,3.089552,8,5,1,490500
BASE,SMARTBOOK_BUDGET_MATCHED,47a161c1-e2da-48c3-84eb-baac749b69e9,Vừa Nhắm Mắt Vừa Mở Cửa Số (Tái Bản 2022),26,21,5,0.807692,5,0.014925,2.244776,4,2,2,128000
