scenario,variant,budget_constrained,window,total_demand,fulfilled_demand,unmet_demand,fill_rate,stockout_days,stockout_rate,variants_with_stockout,average_inventory,max_inventory,average_available_inventory,ordered_units,order_count,procurement_cost,average_order_size,budget_total,budget_utilization,unfunded_reorder_count
BASE,SMARTBOOK_FULL,false,full,11021,10947,74,0.993286,64,0.001676,34,2894.226866,3630,2313.707463,2956,715,360349720,4.134266,,,
BASE,SMARTBOOK_FULL,false,steady_state,10206,10204,2,0.999804,2,0.000057,2,3052.67101,3630,2463.638436,1637,471,196814910,3.475584,,,
BASE,SMARTBOOK_NO_SEASONALITY,false,full,11021,10947,74,0.993286,64,0.001676,34,3165.710448,4110,2585.191045,3437,872,420572610,3.941514,,,
BASE,SMARTBOOK_NO_SEASONALITY,false,steady_state,10206,10204,2,0.999804,2,0.000057,2,3348.117264,4110,2759.084691,2096,628,252368010,3.33758,,,
BASE,SMARTBOOK_FIXED_LEAD_TIME,false,full,11021,10947,74,0.993286,64,0.001676,34,2894.226866,3630,2313.707463,2956,715,360349720,4.134266,,,
BASE,SMARTBOOK_FIXED_LEAD_TIME,false,steady_state,10206,10204,2,0.999804,2,0.000057,2,3052.67101,3630,2463.638436,1637,471,196814910,3.475584,,,
BASE,SMARTBOOK_NO_SAFETY_STOCK,false,full,11021,10944,77,0.993013,67,0.001754,37,2803.352239,3553,2223.050746,2871,760,350374490,3.777632,,,
BASE,SMARTBOOK_NO_SAFETY_STOCK,false,steady_state,10206,10204,2,0.999804,2,0.000057,2,2959.254072,3553,2370.413681,1659,505,200877380,3.285149,,,
BASE,SMARTBOOK_NO_DEMAND_SIGNALS,false,full,11021,10947,74,0.993286,64,0.001676,34,2889.00597,3615,2308.486567,2938,709,357634720,4.143865,,,
BASE,SMARTBOOK_NO_DEMAND_SIGNALS,false,steady_state,10206,10204,2,0.999804,2,0.000057,2,3046.973941,3615,2457.941368,1619,465,194099910,3.48172,,,
BASE,SMARTBOOK_MA30_FORECAST,false,full,11021,10942,79,0.992832,68,0.001781,37,2401.298507,2833,1820.925373,2135,589,260044280,3.624788,,,
BASE,SMARTBOOK_MA30_FORECAST,false,steady_state,10206,10199,7,0.999314,6,0.000171,5,2518.273616,2833,1929.400651,984,321,118640920,3.065421,,,
BASE,SMARTBOOK_FULL,true,full,11021,10189,832,0.924508,690,0.018068,87,1518.740299,2194,977.453731,1526,191,143925330,7.989529,146802370,0.980402,3050
BASE,SMARTBOOK_FULL,true,steady_state,10206,9509,697,0.931707,572,0.016344,74,1587.872964,2194,1040.547231,1338,172,131786080,7.77907,,,
BASE,SMARTBOOK_NO_DEMAND_SIGNALS,true,full,11021,10171,850,0.922875,704,0.018434,89,1521.877612,2193,981.552239,1533,196,144367170,7.821429,146802370,0.983412,2991
BASE,SMARTBOOK_NO_DEMAND_SIGNALS,true,steady_state,10206,9491,715,0.929943,586,0.016744,77,1591.296417,2193,1045.019544,1345,177,132214170,7.59887,,,
SUPPLIER_DELAY,SMARTBOOK_FULL,false,full,11021,10915,106,0.990382,95,0.002488,47,3201.734328,4114,2622.755224,3507,630,427020830,5.566667,,,
SUPPLIER_DELAY,SMARTBOOK_FULL,false,steady_state,10206,10200,6,0.999412,6,0.000171,5,3410.130293,4114,2822.035831,2170,391,261479470,5.549872,,,
SUPPLIER_DELAY,SMARTBOOK_NO_SEASONALITY,false,full,11021,10915,106,0.990382,95,0.002488,47,3476.310448,4570,2897.331343,3926,711,479078610,5.5218,,,
SUPPLIER_DELAY,SMARTBOOK_NO_SEASONALITY,false,steady_state,10206,10200,6,0.999412,6,0.000171,5,3709.237785,4570,3121.143322,2573,472,310091210,5.451271,,,
SUPPLIER_DELAY,SMARTBOOK_FIXED_LEAD_TIME,false,full,11021,10915,106,0.990382,95,0.002488,47,2824.289552,3604,2245.310448,2954,722,360153770,4.091413,,,
SUPPLIER_DELAY,SMARTBOOK_FIXED_LEAD_TIME,false,steady_state,10206,10200,6,0.999412,6,0.000171,5,2998.260586,3604,2410.166124,1665,483,199655410,3.447205,,,
SUPPLIER_DELAY,SMARTBOOK_NO_SAFETY_STOCK,false,full,11021,10912,109,0.99011,98,0.002566,48,2990.379104,3858,2411.623881,3249,694,394403640,4.681556,,,
SUPPLIER_DELAY,SMARTBOOK_NO_SAFETY_STOCK,false,steady_state,10206,10198,8,0.999216,8,0.000229,7,3182.612378,3858,2594.745928,2024,444,243417780,4.558559,,,
SUPPLIER_DELAY,SMARTBOOK_NO_DEMAND_SIGNALS,false,full,11021,10915,106,0.990382,95,0.002488,47,3196.38806,4099,2617.408955,3497,623,425691830,5.613162,,,
SUPPLIER_DELAY,SMARTBOOK_NO_DEMAND_SIGNALS,false,steady_state,10206,10200,6,0.999412,6,0.000171,5,3404.296417,4099,2816.201954,2160,384,260150470,5.625,,,
SUPPLIER_DELAY,SMARTBOOK_MA30_FORECAST,false,full,11021,10913,108,0.990201,96,0.002514,48,2402.740299,2867,1823.823881,2186,591,265130400,3.698816,,,
SUPPLIER_DELAY,SMARTBOOK_MA30_FORECAST,false,steady_state,10206,10198,8,0.999216,7,0.0002,6,2539.752443,2867,1951.726384,1055,329,125709790,3.206687,,,
SUPPLIER_DELAY,SMARTBOOK_FULL,true,full,11021,9969,1052,0.904546,890,0.023305,92,1555.98209,2335,1025.459701,1695,169,145097750,10.029586,147760520,0.981979,3067
SUPPLIER_DELAY,SMARTBOOK_FULL,true,steady_state,10206,9297,909,0.910935,765,0.021858,84,1630.76873,2335,1094.967427,1517,151,132887600,10.046358,,,
SUPPLIER_DELAY,SMARTBOOK_NO_DEMAND_SIGNALS,true,full,11021,9964,1057,0.904092,892,0.023357,92,1556.555224,2309,1026.367164,1665,163,145249440,10.214724,147760520,0.983006,3043
SUPPLIER_DELAY,SMARTBOOK_NO_DEMAND_SIGNALS,true,steady_state,10206,9292,914,0.910445,767,0.021916,84,1631.394137,2309,1095.957655,1487,145,133015440,10.255172,,,
LEAN_START,SMARTBOOK_FULL,false,full,11021,10775,246,0.977679,205,0.005368,81,2739.522388,3432,2176.883582,3122,724,381496410,4.312155,,,
LEAN_START,SMARTBOOK_FULL,false,steady_state,10206,10192,14,0.998628,12,0.000343,5,2922.345277,3432,2337.211726,1779,484,217789180,3.67562,,,
LEAN_START,SMARTBOOK_NO_SEASONALITY,false,full,11021,10773,248,0.977498,207,0.00542,81,3004.214925,4052,2441.668657,3769,946,462276520,3.984144,,,
LEAN_START,SMARTBOOK_NO_SEASONALITY,false,steady_state,10206,10192,14,0.998628,12,0.000343,5,3212.775244,4052,2627.732899,2503,702,306439160,3.565527,,,
LEAN_START,SMARTBOOK_FIXED_LEAD_TIME,false,full,11021,10775,246,0.977679,205,0.005368,81,2739.522388,3432,2176.883582,3122,724,381496410,4.312155,,,
LEAN_START,SMARTBOOK_FIXED_LEAD_TIME,false,steady_state,10206,10192,14,0.998628,12,0.000343,5,2922.345277,3432,2337.211726,1779,484,217789180,3.67562,,,
LEAN_START,SMARTBOOK_NO_SAFETY_STOCK,false,full,11021,10761,260,0.976409,216,0.005656,82,2630.01791,3345,2067.952239,3035,771,370401110,3.936446,,,
LEAN_START,SMARTBOOK_NO_SAFETY_STOCK,false,steady_state,10206,10189,17,0.998334,15,0.000429,7,2808.188925,3345,2223.52443,1831,536,224665900,3.416045,,,
LEAN_START,SMARTBOOK_NO_DEMAND_SIGNALS,false,full,11021,10774,247,0.977588,206,0.005394,81,2733.934328,3414,2171.331343,3101,715,378451410,4.337063,,,
LEAN_START,SMARTBOOK_NO_DEMAND_SIGNALS,false,steady_state,10206,10191,15,0.99853,13,0.000371,5,2916.247557,3414,2331.153094,1759,476,214842280,3.695378,,,
LEAN_START,SMARTBOOK_MA30_FORECAST,false,full,11021,10770,251,0.977225,209,0.005473,81,2227.462687,2702,1664.892537,2368,658,290481390,3.598784,,,
LEAN_START,SMARTBOOK_MA30_FORECAST,false,steady_state,10206,10184,22,0.997844,19,0.000543,9,2368.667752,2702,1783.65798,1345,422,164886670,3.187204,,,
LEAN_START,SMARTBOOK_FULL,true,full,11021,8445,2576,0.766264,1958,0.05127,107,1381.056716,2230,941.841791,1946,253,197519330,7.6917,199775400,0.988707,2763
LEAN_START,SMARTBOOK_FULL,true,steady_state,10206,8032,2174,0.786988,1629,0.046546,89,1471.90228,2230,1017.970684,1714,226,180941480,7.584071,,,
LEAN_START,SMARTBOOK_NO_DEMAND_SIGNALS,true,full,11021,8417,2604,0.763724,2018,0.052841,105,1389.343284,2240,951.495522,1958,241,197057650,8.124481,199775400,0.986396,2729
LEAN_START,SMARTBOOK_NO_DEMAND_SIGNALS,true,steady_state,10206,8006,2200,0.784441,1688,0.048231,86,1480.85342,2240,1028.37785,1724,213,180498050,8.093897,,,
