scenario,policy,role,window,total_demand,fulfilled_demand,unmet_demand,fill_rate,stockout_days,stockout_rate,variants_with_stockout,average_inventory,max_inventory,average_available_inventory,ordered_units,order_count,procurement_cost,average_order_size,budget_total,budget_utilization,unfunded_reorder_count
BASE,NO_REORDER,reference,full,11021,9116,1905,0.827148,1634,0.042786,109,724,724,232.719403,0,0,0,,,,
BASE,NO_REORDER,reference,steady_state,10206,8444,1762,0.827356,1509,0.043117,109,724,724,231.019544,0,0,0,,,,
BASE,REORDER_POINT,baseline,full,11021,10909,112,0.989838,83,0.002173,37,1793.907463,1972,1215.334328,1259,165,146802370,7.630303,,,
BASE,REORDER_POINT,baseline,steady_state,10206,10167,39,0.996179,20,0.000571,5,1849.716612,1972,1262.80456,331,58,41510000,5.706897,,,
BASE,MA30_FIXED_LT,baseline,full,11021,10941,80,0.992741,69,0.001807,38,1950.785075,2338,1370.429851,1629,524,199552170,3.108779,,,
BASE,MA30_FIXED_LT,baseline,steady_state,10206,10198,8,0.999216,7,0.0002,6,2033.534202,2338,1444.680782,876,353,105450730,2.481586,,,
BASE,SMARTBOOK,smartbook,full,11021,10947,74,0.993286,64,0.001676,34,2894.226866,3630,2313.707463,2956,715,360349720,4.134266,,,
BASE,SMARTBOOK,smartbook,steady_state,10206,10204,2,0.999804,2,0.000057,2,3052.67101,3630,2463.638436,1637,471,196814910,3.475584,,,
BASE,SMARTBOOK_BUDGET_MATCHED,smartbook,full,11021,10189,832,0.924508,690,0.018068,87,1518.740299,2194,977.453731,1526,191,143925330,7.989529,146802370,0.980402,3050
BASE,SMARTBOOK_BUDGET_MATCHED,smartbook,steady_state,10206,9509,697,0.931707,572,0.016344,74,1587.872964,2194,1040.547231,1338,172,131786080,7.77907,,,
BASE,REORDER_POINT_SAME_BUDGET,baseline_same_budget,full,11021,10240,781,0.929135,664,0.017387,89,1324.376119,1912,781.202985,1203,166,134951380,7.246988,146802370,0.919272,1943
BASE,REORDER_POINT_SAME_BUDGET,baseline_same_budget,steady_state,10206,9553,653,0.936018,550,0.015715,78,1376.648208,1912,827.306189,1093,153,122977230,7.143791,,,
BASE,MA30_FIXED_LT_SAME_BUDGET,baseline_same_budget,full,11021,10224,797,0.927684,660,0.017282,85,1313.492537,1939,770.910448,1263,464,144538320,2.721983,146802370,0.984578,2032
BASE,MA30_FIXED_LT_SAME_BUDGET,baseline_same_budget,steady_state,10206,9548,658,0.935528,539,0.015401,73,1365.410423,1939,816.537459,1152,434,132463370,2.654378,,,
SUPPLIER_DELAY,NO_REORDER,reference,full,11021,9116,1905,0.827148,1634,0.042786,109,724,724,232.719403,0,0,0,,,,
SUPPLIER_DELAY,NO_REORDER,reference,steady_state,10206,8444,1762,0.827356,1509,0.043117,109,724,724,231.019544,0,0,0,,,,
SUPPLIER_DELAY,REORDER_POINT,baseline,full,11021,10881,140,0.987297,110,0.00288,49,1765.808955,1971,1188.632836,1266,166,147760520,7.626506,,,
SUPPLIER_DELAY,REORDER_POINT,baseline,steady_state,10206,10167,39,0.996179,20,0.000571,5,1842.918567,1971,1256.778502,340,59,42538150,5.762712,,,
SUPPLIER_DELAY,MA30_FIXED_LT,baseline,full,11021,10909,112,0.989838,100,0.002618,50,1905.820896,2319,1327.059701,1627,537,199280920,3.029795,,,
SUPPLIER_DELAY,MA30_FIXED_LT,baseline,steady_state,10206,10194,12,0.998824,11,0.000314,8,1999.439739,2319,1411.583062,897,371,107255080,2.41779,,,
SUPPLIER_DELAY,SMARTBOOK,smartbook,full,11021,10915,106,0.990382,95,0.002488,47,3201.734328,4114,2622.755224,3507,630,427020830,5.566667,,,
SUPPLIER_DELAY,SMARTBOOK,smartbook,steady_state,10206,10200,6,0.999412,6,0.000171,5,3410.130293,4114,2822.035831,2170,391,261479470,5.549872,,,
SUPPLIER_DELAY,SMARTBOOK_BUDGET_MATCHED,smartbook,full,11021,9969,1052,0.904546,890,0.023305,92,1555.98209,2335,1025.459701,1695,169,145097750,10.029586,147760520,0.981979,3067
SUPPLIER_DELAY,SMARTBOOK_BUDGET_MATCHED,smartbook,steady_state,10206,9297,909,0.910935,765,0.021858,84,1630.76873,2335,1094.967427,1517,151,132887600,10.046358,,,
SUPPLIER_DELAY,REORDER_POINT_SAME_BUDGET,baseline_same_budget,full,11021,10198,823,0.925324,703,0.018408,90,1297.847761,1889,756.420896,1192,160,133835350,7.45,147760520,0.905759,1926
SUPPLIER_DELAY,REORDER_POINT_SAME_BUDGET,baseline_same_budget,steady_state,10206,9521,685,0.932883,582,0.01663,81,1349.172638,1889,801.566775,1082,147,121711200,7.360544,,,
SUPPLIER_DELAY,MA30_FIXED_LT_SAME_BUDGET,baseline_same_budget,full,11021,10194,827,0.924961,691,0.018094,87,1296.528358,1941,755.274627,1280,474,146165320,2.700422,147760520,0.989204,1959
SUPPLIER_DELAY,MA30_FIXED_LT_SAME_BUDGET,baseline_same_budget,steady_state,10206,9521,685,0.932883,567,0.016201,76,1348.120521,1941,800.612378,1177,444,133889420,2.650901,,,
LEAN_START,NO_REORDER,reference,full,11021,5172,5849,0.469286,4689,0.122781,113,340,340,58.253731,0,0,0,,,,
LEAN_START,NO_REORDER,reference,steady_state,10206,4769,5437,0.467274,4352,0.12435,113,340,340,57.726384,0,0,0,,,,
LEAN_START,REORDER_POINT,baseline,full,11021,10713,308,0.972053,228,0.00597,75,1728.922388,2021,1170.110448,1689,217,199775400,7.78341,,,
LEAN_START,REORDER_POINT,baseline,steady_state,10206,10123,83,0.991868,44,0.001257,9,1806.348534,2021,1225.618893,589,100,72408820,5.89,,,
LEAN_START,MA30_FIXED_LT,baseline,full,11021,10745,276,0.974957,231,0.006049,82,1831.450746,2324,1270.110448,1999,684,247221430,2.922515,,,
LEAN_START,MA30_FIXED_LT,baseline,steady_state,10206,10167,39,0.996179,35,0.001,16,1944.221498,2324,1360.452769,1313,499,161875350,2.631263,,,
LEAN_START,SMARTBOOK,smartbook,full,11021,10775,246,0.977679,205,0.005368,81,2739.522388,3432,2176.883582,3122,724,381496410,4.312155,,,
LEAN_START,SMARTBOOK,smartbook,steady_state,10206,10192,14,0.998628,12,0.000343,5,2922.345277,3432,2337.211726,1779,484,217789180,3.67562,,,
LEAN_START,SMARTBOOK_BUDGET_MATCHED,smartbook,full,11021,8445,2576,0.766264,1958,0.05127,107,1381.056716,2230,941.841791,1946,253,197519330,7.6917,199775400,0.988707,2763
LEAN_START,SMARTBOOK_BUDGET_MATCHED,smartbook,steady_state,10206,8032,2174,0.786988,1629,0.046546,89,1471.90228,2230,1017.970684,1714,226,180941480,7.584071,,,
LEAN_START,REORDER_POINT_SAME_BUDGET,baseline_same_budget,full,11021,8484,2537,0.769803,2001,0.052396,108,1124.122388,1881,683.301493,1564,204,184330400,7.666667,199775400,0.922688,2064
LEAN_START,REORDER_POINT_SAME_BUDGET,baseline_same_budget,steady_state,10206,8068,2138,0.790515,1674,0.047831,97,1192.765472,1881,737.2443,1409,187,167917100,7.534759,,,
LEAN_START,MA30_FIXED_LT_SAME_BUDGET,baseline_same_budget,full,11021,8493,2528,0.77062,1914,0.050118,105,1146.674627,1956,703.752239,1663,601,194946680,2.767055,199775400,0.975829,1720
LEAN_START,MA30_FIXED_LT_SAME_BUDGET,baseline_same_budget,steady_state,10206,8063,2143,0.790025,1595,0.045574,88,1217.899023,1956,760.28013,1531,561,178408230,2.729055,,,
