-- Extended Seed Data V2 (Includes Warehouses & Locations)
SET client_encoding = 'UTF8';
\connect inventory_db
BEGIN;
INSERT INTO warehouses (id, code, name, warehouse_type, address_line1, district, province, country, manager_user_id, is_active) VALUES ('00000000-0000-0000-0000-000000000560', 'WH-DN-01', 'Da Nang Branch', 'BRANCH', '123 Main St', 'Hai Chau', 'Da Nang', 'Vietnam', '00000000-0000-0000-0000-000000000101', TRUE) ON CONFLICT DO NOTHING;
INSERT INTO warehouse_settings (warehouse_id, reservation_hold_hours, allow_negative_stock, default_low_stock_threshold, enable_cycle_count, created_at, updated_at) VALUES ('00000000-0000-0000-0000-000000000560', 24, FALSE, 5, TRUE, NOW(), NOW()) ON CONFLICT DO NOTHING;
INSERT INTO warehouses (id, code, name, warehouse_type, address_line1, district, province, country, manager_user_id, is_active) VALUES ('00000000-0000-0000-0000-000000000561', 'WH-CT-01', 'Can Tho Branch', 'BRANCH', '123 Main St', 'Ninh Kieu', 'Can Tho', 'Vietnam', '00000000-0000-0000-0000-000000000101', TRUE) ON CONFLICT DO NOTHING;
INSERT INTO warehouse_settings (warehouse_id, reservation_hold_hours, allow_negative_stock, default_low_stock_threshold, enable_cycle_count, created_at, updated_at) VALUES ('00000000-0000-0000-0000-000000000561', 24, FALSE, 5, TRUE, NOW(), NOW()) ON CONFLICT DO NOTHING;
INSERT INTO warehouses (id, code, name, warehouse_type, address_line1, district, province, country, manager_user_id, is_active) VALUES ('00000000-0000-0000-0000-000000000562', 'WH-HP-01', 'Hai Phong Branch', 'BRANCH', '123 Main St', 'Ngo Quyen', 'Hai Phong', 'Vietnam', '00000000-0000-0000-0000-000000000101', TRUE) ON CONFLICT DO NOTHING;
INSERT INTO warehouse_settings (warehouse_id, reservation_hold_hours, allow_negative_stock, default_low_stock_threshold, enable_cycle_count, created_at, updated_at) VALUES ('00000000-0000-0000-0000-000000000562', 24, FALSE, 5, TRUE, NOW(), NOW()) ON CONFLICT DO NOTHING;
INSERT INTO locations (id, warehouse_id, parent_location_id, location_code, location_type, barcode, capacity_qty, is_pickable, is_active) VALUES ('f3c78d92-2ef0-41cc-9a67-383c8016b29e', '00000000-0000-0000-0000-000000000560', NULL, 'RCV-EXT', 'RECEIVING', 'LOC-RCV-560', 500, FALSE, TRUE) ON CONFLICT DO NOTHING;
INSERT INTO locations (id, warehouse_id, parent_location_id, location_code, location_type, zone, barcode, is_pickable, is_active) VALUES ('5c7969d5-6bd2-4aee-a92b-fc0438016d8f', '00000000-0000-0000-0000-000000000560', NULL, 'A', 'ZONE', 'A', 'LOC-Z-A-560', FALSE, TRUE) ON CONFLICT DO NOTHING;
INSERT INTO locations (id, warehouse_id, parent_location_id, location_code, location_type, zone, shelf, barcode, is_pickable, is_active) VALUES ('98ad0504-0f05-4b02-8ae4-5378012835b0', '00000000-0000-0000-0000-000000000560', '5c7969d5-6bd2-4aee-a92b-fc0438016d8f', 'A-01', 'SHELF', 'A', '01', 'LOC-S-A01-560', FALSE, TRUE) ON CONFLICT DO NOTHING;
INSERT INTO locations (id, warehouse_id, parent_location_id, location_code, location_type, zone, aisle, shelf, bin, barcode, capacity_qty, is_pickable, is_active) VALUES ('285734bc-35da-4eb9-a229-e076100a06bd', '00000000-0000-0000-0000-000000000560', '98ad0504-0f05-4b02-8ae4-5378012835b0', 'A-01-01', 'BIN', 'A', NULL, '01', '01', 'LOC-A0101-560', 100, TRUE, TRUE) ON CONFLICT DO NOTHING;
INSERT INTO locations (id, warehouse_id, parent_location_id, location_code, location_type, zone, aisle, shelf, bin, barcode, capacity_qty, is_pickable, is_active) VALUES ('82ff7037-02ad-4cdd-8a5b-7c6b93633c20', '00000000-0000-0000-0000-000000000560', '98ad0504-0f05-4b02-8ae4-5378012835b0', 'A-01-02', 'BIN', 'A', NULL, '01', '02', 'LOC-A0102-560', 100, TRUE, TRUE) ON CONFLICT DO NOTHING;
INSERT INTO locations (id, warehouse_id, parent_location_id, location_code, location_type, zone, aisle, shelf, bin, barcode, capacity_qty, is_pickable, is_active) VALUES ('4dac8442-4f6a-4edf-8a5e-adf3f59bd573', '00000000-0000-0000-0000-000000000560', '98ad0504-0f05-4b02-8ae4-5378012835b0', 'A-01-03', 'BIN', 'A', NULL, '01', '03', 'LOC-A0103-560', 100, TRUE, TRUE) ON CONFLICT DO NOTHING;
INSERT INTO locations (id, warehouse_id, parent_location_id, location_code, location_type, barcode, capacity_qty, is_pickable, is_active) VALUES ('c0e548e4-01c0-4ed9-acb3-e98144812eeb', '00000000-0000-0000-0000-000000000561', NULL, 'RCV-EXT', 'RECEIVING', 'LOC-RCV-561', 500, FALSE, TRUE) ON CONFLICT DO NOTHING;
INSERT INTO locations (id, warehouse_id, parent_location_id, location_code, location_type, zone, barcode, is_pickable, is_active) VALUES ('e9cbde8c-46c8-46f1-9adc-de69dda1142f', '00000000-0000-0000-0000-000000000561', NULL, 'A', 'ZONE', 'A', 'LOC-Z-A-561', FALSE, TRUE) ON CONFLICT DO NOTHING;
INSERT INTO locations (id, warehouse_id, parent_location_id, location_code, location_type, zone, shelf, barcode, is_pickable, is_active) VALUES ('02092668-44a1-451c-8c4e-7cf0e3fbc516', '00000000-0000-0000-0000-000000000561', 'e9cbde8c-46c8-46f1-9adc-de69dda1142f', 'A-01', 'SHELF', 'A', '01', 'LOC-S-A01-561', FALSE, TRUE) ON CONFLICT DO NOTHING;
INSERT INTO locations (id, warehouse_id, parent_location_id, location_code, location_type, zone, aisle, shelf, bin, barcode, capacity_qty, is_pickable, is_active) VALUES ('608025c5-4b58-48e6-82a1-078a4f99036b', '00000000-0000-0000-0000-000000000561', '02092668-44a1-451c-8c4e-7cf0e3fbc516', 'A-01-01', 'BIN', 'A', NULL, '01', '01', 'LOC-A0101-561', 100, TRUE, TRUE) ON CONFLICT DO NOTHING;
INSERT INTO locations (id, warehouse_id, parent_location_id, location_code, location_type, zone, aisle, shelf, bin, barcode, capacity_qty, is_pickable, is_active) VALUES ('aade4973-adfe-44be-93ae-78362adf2d41', '00000000-0000-0000-0000-000000000561', '02092668-44a1-451c-8c4e-7cf0e3fbc516', 'A-01-02', 'BIN', 'A', NULL, '01', '02', 'LOC-A0102-561', 100, TRUE, TRUE) ON CONFLICT DO NOTHING;
INSERT INTO locations (id, warehouse_id, parent_location_id, location_code, location_type, zone, aisle, shelf, bin, barcode, capacity_qty, is_pickable, is_active) VALUES ('bc46cbc5-7664-431c-9a01-7ebe9e8b8a87', '00000000-0000-0000-0000-000000000561', '02092668-44a1-451c-8c4e-7cf0e3fbc516', 'A-01-03', 'BIN', 'A', NULL, '01', '03', 'LOC-A0103-561', 100, TRUE, TRUE) ON CONFLICT DO NOTHING;
INSERT INTO locations (id, warehouse_id, parent_location_id, location_code, location_type, barcode, capacity_qty, is_pickable, is_active) VALUES ('52253f43-30e8-462b-afeb-b4c83780304f', '00000000-0000-0000-0000-000000000562', NULL, 'RCV-EXT', 'RECEIVING', 'LOC-RCV-562', 500, FALSE, TRUE) ON CONFLICT DO NOTHING;
INSERT INTO locations (id, warehouse_id, parent_location_id, location_code, location_type, zone, barcode, is_pickable, is_active) VALUES ('d2257a19-f700-48e8-b9b3-f4cd35f02916', '00000000-0000-0000-0000-000000000562', NULL, 'A', 'ZONE', 'A', 'LOC-Z-A-562', FALSE, TRUE) ON CONFLICT DO NOTHING;
INSERT INTO locations (id, warehouse_id, parent_location_id, location_code, location_type, zone, shelf, barcode, is_pickable, is_active) VALUES ('3003f552-974c-4a59-93cd-6876ed2bb039', '00000000-0000-0000-0000-000000000562', 'd2257a19-f700-48e8-b9b3-f4cd35f02916', 'A-01', 'SHELF', 'A', '01', 'LOC-S-A01-562', FALSE, TRUE) ON CONFLICT DO NOTHING;
INSERT INTO locations (id, warehouse_id, parent_location_id, location_code, location_type, zone, aisle, shelf, bin, barcode, capacity_qty, is_pickable, is_active) VALUES ('98a18321-c1f0-4eac-ab43-535b405af598', '00000000-0000-0000-0000-000000000562', '3003f552-974c-4a59-93cd-6876ed2bb039', 'A-01-01', 'BIN', 'A', NULL, '01', '01', 'LOC-A0101-562', 100, TRUE, TRUE) ON CONFLICT DO NOTHING;
INSERT INTO locations (id, warehouse_id, parent_location_id, location_code, location_type, zone, aisle, shelf, bin, barcode, capacity_qty, is_pickable, is_active) VALUES ('97f038bb-0278-488d-9578-ef59defaf602', '00000000-0000-0000-0000-000000000562', '3003f552-974c-4a59-93cd-6876ed2bb039', 'A-01-02', 'BIN', 'A', NULL, '01', '02', 'LOC-A0102-562', 100, TRUE, TRUE) ON CONFLICT DO NOTHING;
INSERT INTO locations (id, warehouse_id, parent_location_id, location_code, location_type, zone, aisle, shelf, bin, barcode, capacity_qty, is_pickable, is_active) VALUES ('980c048e-f365-4dc9-9245-23de9dc18299', '00000000-0000-0000-0000-000000000562', '3003f552-974c-4a59-93cd-6876ed2bb039', 'A-01-03', 'BIN', 'A', NULL, '01', '03', 'LOC-A0103-562', 100, TRUE, TRUE) ON CONFLICT DO NOTHING;
INSERT INTO books (id, book_code, title, description, publisher_id, edition, published_date, page_count, country_of_origin, default_language, is_active) VALUES ('00000000-0000-0000-0000-000000000800', 'BOOK-EXT-000', 'Clean Code','Extended description for Clean Code', '00000000-0000-0000-0000-000000000401', '1st', '2020-01-01', 300, 'USA', 'en', TRUE) ON CONFLICT DO NOTHING;
INSERT INTO book_authors (book_id, author_id, author_order) VALUES ('00000000-0000-0000-0000-000000000800', '00000000-0000-0000-0000-000000000411', 1) ON CONFLICT DO NOTHING;
INSERT INTO book_categories (book_id, category_id) VALUES ('00000000-0000-0000-0000-000000000800', '00000000-0000-0000-0000-000000000422') ON CONFLICT DO NOTHING;
INSERT INTO book_variants (id, book_id, sku, isbn13, internal_barcode, cover_type, language_code, publish_year, condition_grade, unit_cost, list_price, replacement_cost, is_borrowable, is_sellable, is_track_by_unit, is_active) VALUES ('00000000-0000-0000-0000-000000000900', '00000000-0000-0000-0000-000000000800', 'SKU-EXT-000', '9780000000000', 'BC-EXT-000', 'PAPERBACK', 'en', 2020, 'NEW', 100000, 150000, 200000, TRUE, TRUE, TRUE, TRUE) ON CONFLICT DO NOTHING;
INSERT INTO stock_balances (id, warehouse_id, variant_id, location_id, on_hand_qty, available_qty, reserved_qty, borrowed_qty, damaged_qty, in_transit_qty, safety_stock_qty, reorder_point, status, version, last_movement_at) VALUES ('16eda8c9-4c7e-41d2-bc3b-217b17a9df2c', '00000000-0000-0000-0000-000000000461', '00000000-0000-0000-0000-000000000900', '00000000-0000-0000-0000-000000000472', 10, 10, 0, 0, 0, 0, 2, 5, 'AVAILABLE', 1, NOW()) ON CONFLICT DO NOTHING;
INSERT INTO stock_balances (id, warehouse_id, variant_id, location_id, on_hand_qty, available_qty, reserved_qty, borrowed_qty, damaged_qty, in_transit_qty, safety_stock_qty, reorder_point, status, version, last_movement_at) VALUES ('d2f13e20-cc5a-4e7b-8d9c-1867c2154ed2', '00000000-0000-0000-0000-000000000561', '00000000-0000-0000-0000-000000000900', 'aade4973-adfe-44be-93ae-78362adf2d41', 10, 10, 0, 0, 0, 0, 2, 5, 'AVAILABLE', 1, NOW()) ON CONFLICT DO NOTHING;
INSERT INTO stock_balances (id, warehouse_id, variant_id, location_id, on_hand_qty, available_qty, reserved_qty, borrowed_qty, damaged_qty, in_transit_qty, safety_stock_qty, reorder_point, status, version, last_movement_at) VALUES ('a13b8969-1fa7-446c-95d1-1dd44875780c', '00000000-0000-0000-0000-000000000560', '00000000-0000-0000-0000-000000000900', '285734bc-35da-4eb9-a229-e076100a06bd', 10, 10, 0, 0, 0, 0, 2, 5, 'AVAILABLE', 1, NOW()) ON CONFLICT DO NOTHING;
INSERT INTO books (id, book_code, title, description, publisher_id, edition, published_date, page_count, country_of_origin, default_language, is_active) VALUES ('00000000-0000-0000-0000-000000000801', 'BOOK-EXT-001', 'Design Patterns','Extended description for Design Patterns', '00000000-0000-0000-0000-000000000402', '1st', '2021-01-01', 310, 'USA', 'en', TRUE) ON CONFLICT DO NOTHING;
INSERT INTO book_authors (book_id, author_id, author_order) VALUES ('00000000-0000-0000-0000-000000000801', '00000000-0000-0000-0000-000000000413', 1) ON CONFLICT DO NOTHING;
INSERT INTO book_categories (book_id, category_id) VALUES ('00000000-0000-0000-0000-000000000801', '00000000-0000-0000-0000-000000000421') ON CONFLICT DO NOTHING;
INSERT INTO book_variants (id, book_id, sku, isbn13, internal_barcode, cover_type, language_code, publish_year, condition_grade, unit_cost, list_price, replacement_cost, is_borrowable, is_sellable, is_track_by_unit, is_active) VALUES ('00000000-0000-0000-0000-000000000901', '00000000-0000-0000-0000-000000000801', 'SKU-EXT-001', '9780000000001', 'BC-EXT-001', 'PAPERBACK', 'en', 2021, 'NEW', 100000, 150000, 200000, TRUE, TRUE, TRUE, TRUE) ON CONFLICT DO NOTHING;
INSERT INTO stock_balances (id, warehouse_id, variant_id, location_id, on_hand_qty, available_qty, reserved_qty, borrowed_qty, damaged_qty, in_transit_qty, safety_stock_qty, reorder_point, status, version, last_movement_at) VALUES ('e697f7ff-6eaa-4cc5-b41b-e1b42e6265ca', '00000000-0000-0000-0000-000000000560', '00000000-0000-0000-0000-000000000901', '82ff7037-02ad-4cdd-8a5b-7c6b93633c20', 10, 10, 0, 0, 0, 0, 2, 5, 'AVAILABLE', 1, NOW()) ON CONFLICT DO NOTHING;
INSERT INTO stock_balances (id, warehouse_id, variant_id, location_id, on_hand_qty, available_qty, reserved_qty, borrowed_qty, damaged_qty, in_transit_qty, safety_stock_qty, reorder_point, status, version, last_movement_at) VALUES ('5ce601ba-d381-40c1-98bb-366c0f9163c3', '00000000-0000-0000-0000-000000000461', '00000000-0000-0000-0000-000000000901', '00000000-0000-0000-0000-000000000472', 10, 10, 0, 0, 0, 0, 2, 5, 'AVAILABLE', 1, NOW()) ON CONFLICT DO NOTHING;
INSERT INTO stock_balances (id, warehouse_id, variant_id, location_id, on_hand_qty, available_qty, reserved_qty, borrowed_qty, damaged_qty, in_transit_qty, safety_stock_qty, reorder_point, status, version, last_movement_at) VALUES ('fb871022-e442-4091-9f3c-7b7d9113e6bf', '00000000-0000-0000-0000-000000000562', '00000000-0000-0000-0000-000000000901', '980c048e-f365-4dc9-9245-23de9dc18299', 10, 10, 0, 0, 0, 0, 2, 5, 'AVAILABLE', 1, NOW()) ON CONFLICT DO NOTHING;
INSERT INTO books (id, book_code, title, description, publisher_id, edition, published_date, page_count, country_of_origin, default_language, is_active) VALUES ('00000000-0000-0000-0000-000000000802', 'BOOK-EXT-002', 'Refactoring','Extended description for Refactoring', '00000000-0000-0000-0000-000000000402', '1st', '2022-01-01', 320, 'USA', 'en', TRUE) ON CONFLICT DO NOTHING;
INSERT INTO book_authors (book_id, author_id, author_order) VALUES ('00000000-0000-0000-0000-000000000802', '00000000-0000-0000-0000-000000000413', 1) ON CONFLICT DO NOTHING;
INSERT INTO book_categories (book_id, category_id) VALUES ('00000000-0000-0000-0000-000000000802', '00000000-0000-0000-0000-000000000421') ON CONFLICT DO NOTHING;
INSERT INTO book_variants (id, book_id, sku, isbn13, internal_barcode, cover_type, language_code, publish_year, condition_grade, unit_cost, list_price, replacement_cost, is_borrowable, is_sellable, is_track_by_unit, is_active) VALUES ('00000000-0000-0000-0000-000000000902', '00000000-0000-0000-0000-000000000802', 'SKU-EXT-002', '9780000000002', 'BC-EXT-002', 'PAPERBACK', 'en', 2022, 'NEW', 100000, 150000, 200000, TRUE, TRUE, TRUE, TRUE) ON CONFLICT DO NOTHING;
INSERT INTO stock_balances (id, warehouse_id, variant_id, location_id, on_hand_qty, available_qty, reserved_qty, borrowed_qty, damaged_qty, in_transit_qty, safety_stock_qty, reorder_point, status, version, last_movement_at) VALUES ('dbacb7b0-261b-4e1d-b4ac-1d0db9989a2a', '00000000-0000-0000-0000-000000000461', '00000000-0000-0000-0000-000000000902', '00000000-0000-0000-0000-000000000472', 10, 10, 0, 0, 0, 0, 2, 5, 'AVAILABLE', 1, NOW()) ON CONFLICT DO NOTHING;
INSERT INTO stock_balances (id, warehouse_id, variant_id, location_id, on_hand_qty, available_qty, reserved_qty, borrowed_qty, damaged_qty, in_transit_qty, safety_stock_qty, reorder_point, status, version, last_movement_at) VALUES ('c78f801c-eec0-474f-bc66-36d79a02b643', '00000000-0000-0000-0000-000000000561', '00000000-0000-0000-0000-000000000902', 'bc46cbc5-7664-431c-9a01-7ebe9e8b8a87', 10, 10, 0, 0, 0, 0, 2, 5, 'AVAILABLE', 1, NOW()) ON CONFLICT DO NOTHING;
INSERT INTO stock_balances (id, warehouse_id, variant_id, location_id, on_hand_qty, available_qty, reserved_qty, borrowed_qty, damaged_qty, in_transit_qty, safety_stock_qty, reorder_point, status, version, last_movement_at) VALUES ('3a33b85a-8b9d-4d41-bb52-d96c818c7c44', '00000000-0000-0000-0000-000000000562', '00000000-0000-0000-0000-000000000902', '97f038bb-0278-488d-9578-ef59defaf602', 10, 10, 0, 0, 0, 0, 2, 5, 'AVAILABLE', 1, NOW()) ON CONFLICT DO NOTHING;
INSERT INTO books (id, book_code, title, description, publisher_id, edition, published_date, page_count, country_of_origin, default_language, is_active) VALUES ('00000000-0000-0000-0000-000000000803', 'BOOK-EXT-003', 'Clean Architecture','Extended description for Clean Architecture', '00000000-0000-0000-0000-000000000402', '1st', '2023-01-01', 330, 'USA', 'en', TRUE) ON CONFLICT DO NOTHING;
INSERT INTO book_authors (book_id, author_id, author_order) VALUES ('00000000-0000-0000-0000-000000000803', '00000000-0000-0000-0000-000000000411', 1) ON CONFLICT DO NOTHING;
INSERT INTO book_categories (book_id, category_id) VALUES ('00000000-0000-0000-0000-000000000803', '00000000-0000-0000-0000-000000000422') ON CONFLICT DO NOTHING;
INSERT INTO book_variants (id, book_id, sku, isbn13, internal_barcode, cover_type, language_code, publish_year, condition_grade, unit_cost, list_price, replacement_cost, is_borrowable, is_sellable, is_track_by_unit, is_active) VALUES ('00000000-0000-0000-0000-000000000903', '00000000-0000-0000-0000-000000000803', 'SKU-EXT-003', '9780000000003', 'BC-EXT-003', 'PAPERBACK', 'en', 2023, 'NEW', 100000, 150000, 200000, TRUE, TRUE, TRUE, TRUE) ON CONFLICT DO NOTHING;
INSERT INTO stock_balances (id, warehouse_id, variant_id, location_id, on_hand_qty, available_qty, reserved_qty, borrowed_qty, damaged_qty, in_transit_qty, safety_stock_qty, reorder_point, status, version, last_movement_at) VALUES ('2717363e-69a2-47f4-b4ea-aec3474a4bda', '00000000-0000-0000-0000-000000000562', '00000000-0000-0000-0000-000000000903', '97f038bb-0278-488d-9578-ef59defaf602', 10, 10, 0, 0, 0, 0, 2, 5, 'AVAILABLE', 1, NOW()) ON CONFLICT DO NOTHING;
INSERT INTO stock_balances (id, warehouse_id, variant_id, location_id, on_hand_qty, available_qty, reserved_qty, borrowed_qty, damaged_qty, in_transit_qty, safety_stock_qty, reorder_point, status, version, last_movement_at) VALUES ('67673ba9-20c9-405c-b753-0d0057551400', '00000000-0000-0000-0000-000000000560', '00000000-0000-0000-0000-000000000903', '82ff7037-02ad-4cdd-8a5b-7c6b93633c20', 10, 10, 0, 0, 0, 0, 2, 5, 'AVAILABLE', 1, NOW()) ON CONFLICT DO NOTHING;
INSERT INTO stock_balances (id, warehouse_id, variant_id, location_id, on_hand_qty, available_qty, reserved_qty, borrowed_qty, damaged_qty, in_transit_qty, safety_stock_qty, reorder_point, status, version, last_movement_at) VALUES ('6ba79c64-f446-4eb9-8766-bb68c44af731', '00000000-0000-0000-0000-000000000562', '00000000-0000-0000-0000-000000000903', '98a18321-c1f0-4eac-ab43-535b405af598', 10, 10, 0, 0, 0, 0, 2, 5, 'AVAILABLE', 1, NOW()) ON CONFLICT DO NOTHING;
INSERT INTO books (id, book_code, title, description, publisher_id, edition, published_date, page_count, country_of_origin, default_language, is_active) VALUES ('00000000-0000-0000-0000-000000000804', 'BOOK-EXT-004', 'Domain-Driven Design','Extended description for Domain-Driven Design', '00000000-0000-0000-0000-000000000401', '1st', '2024-01-01', 340, 'USA', 'en', TRUE) ON CONFLICT DO NOTHING;
INSERT INTO book_authors (book_id, author_id, author_order) VALUES ('00000000-0000-0000-0000-000000000804', '00000000-0000-0000-0000-000000000411', 1) ON CONFLICT DO NOTHING;
INSERT INTO book_categories (book_id, category_id) VALUES ('00000000-0000-0000-0000-000000000804', '00000000-0000-0000-0000-000000000423') ON CONFLICT DO NOTHING;
INSERT INTO book_variants (id, book_id, sku, isbn13, internal_barcode, cover_type, language_code, publish_year, condition_grade, unit_cost, list_price, replacement_cost, is_borrowable, is_sellable, is_track_by_unit, is_active) VALUES ('00000000-0000-0000-0000-000000000904', '00000000-0000-0000-0000-000000000804', 'SKU-EXT-004', '9780000000004', 'BC-EXT-004', 'PAPERBACK', 'en', 2024, 'NEW', 100000, 150000, 200000, TRUE, TRUE, TRUE, TRUE) ON CONFLICT DO NOTHING;
INSERT INTO stock_balances (id, warehouse_id, variant_id, location_id, on_hand_qty, available_qty, reserved_qty, borrowed_qty, damaged_qty, in_transit_qty, safety_stock_qty, reorder_point, status, version, last_movement_at) VALUES ('3a47dd6d-8341-426a-99ee-68e4a91cca15', '00000000-0000-0000-0000-000000000461', '00000000-0000-0000-0000-000000000904', '00000000-0000-0000-0000-000000000472', 10, 10, 0, 0, 0, 0, 2, 5, 'AVAILABLE', 1, NOW()) ON CONFLICT DO NOTHING;
INSERT INTO stock_balances (id, warehouse_id, variant_id, location_id, on_hand_qty, available_qty, reserved_qty, borrowed_qty, damaged_qty, in_transit_qty, safety_stock_qty, reorder_point, status, version, last_movement_at) VALUES ('70cc1fb1-e310-4957-8d5f-793a009f8ede', '00000000-0000-0000-0000-000000000561', '00000000-0000-0000-0000-000000000904', '608025c5-4b58-48e6-82a1-078a4f99036b', 10, 10, 0, 0, 0, 0, 2, 5, 'AVAILABLE', 1, NOW()) ON CONFLICT DO NOTHING;
INSERT INTO stock_balances (id, warehouse_id, variant_id, location_id, on_hand_qty, available_qty, reserved_qty, borrowed_qty, damaged_qty, in_transit_qty, safety_stock_qty, reorder_point, status, version, last_movement_at) VALUES ('14b0eb15-3f3e-473d-927d-7c9d0a2e95a8', '00000000-0000-0000-0000-000000000560', '00000000-0000-0000-0000-000000000904', '4dac8442-4f6a-4edf-8a5e-adf3f59bd573', 10, 10, 0, 0, 0, 0, 2, 5, 'AVAILABLE', 1, NOW()) ON CONFLICT DO NOTHING;
INSERT INTO books (id, book_code, title, description, publisher_id, edition, published_date, page_count, country_of_origin, default_language, is_active) VALUES ('00000000-0000-0000-0000-000000000805', 'BOOK-EXT-005', 'Designing Data-Intensive Applications','Extended description for Designing Data-Intensive Applications', '00000000-0000-0000-0000-000000000401', '1st', '2020-01-01', 350, 'USA', 'en', TRUE) ON CONFLICT DO NOTHING;
INSERT INTO book_authors (book_id, author_id, author_order) VALUES ('00000000-0000-0000-0000-000000000805', '00000000-0000-0000-0000-000000000413', 1) ON CONFLICT DO NOTHING;
INSERT INTO book_categories (book_id, category_id) VALUES ('00000000-0000-0000-0000-000000000805', '00000000-0000-0000-0000-000000000422') ON CONFLICT DO NOTHING;
INSERT INTO book_variants (id, book_id, sku, isbn13, internal_barcode, cover_type, language_code, publish_year, condition_grade, unit_cost, list_price, replacement_cost, is_borrowable, is_sellable, is_track_by_unit, is_active) VALUES ('00000000-0000-0000-0000-000000000905', '00000000-0000-0000-0000-000000000805', 'SKU-EXT-005', '9780000000005', 'BC-EXT-005', 'PAPERBACK', 'en', 2020, 'NEW', 100000, 150000, 200000, TRUE, TRUE, TRUE, TRUE) ON CONFLICT DO NOTHING;
INSERT INTO stock_balances (id, warehouse_id, variant_id, location_id, on_hand_qty, available_qty, reserved_qty, borrowed_qty, damaged_qty, in_transit_qty, safety_stock_qty, reorder_point, status, version, last_movement_at) VALUES ('6d62c5bc-1c52-4d2e-b474-33d03cd7ce48', '00000000-0000-0000-0000-000000000462', '00000000-0000-0000-0000-000000000905', '00000000-0000-0000-0000-000000000475', 10, 10, 0, 0, 0, 0, 2, 5, 'AVAILABLE', 1, NOW()) ON CONFLICT DO NOTHING;
INSERT INTO stock_balances (id, warehouse_id, variant_id, location_id, on_hand_qty, available_qty, reserved_qty, borrowed_qty, damaged_qty, in_transit_qty, safety_stock_qty, reorder_point, status, version, last_movement_at) VALUES ('88e510c4-53d4-42fc-91bf-3c17abe34707', '00000000-0000-0000-0000-000000000561', '00000000-0000-0000-0000-000000000905', 'aade4973-adfe-44be-93ae-78362adf2d41', 10, 10, 0, 0, 0, 0, 2, 5, 'AVAILABLE', 1, NOW()) ON CONFLICT DO NOTHING;
INSERT INTO stock_balances (id, warehouse_id, variant_id, location_id, on_hand_qty, available_qty, reserved_qty, borrowed_qty, damaged_qty, in_transit_qty, safety_stock_qty, reorder_point, status, version, last_movement_at) VALUES ('1bda7a2f-daa9-42f4-af8b-3e269cb20fb5', '00000000-0000-0000-0000-000000000562', '00000000-0000-0000-0000-000000000905', '98a18321-c1f0-4eac-ab43-535b405af598', 10, 10, 0, 0, 0, 0, 2, 5, 'AVAILABLE', 1, NOW()) ON CONFLICT DO NOTHING;
INSERT INTO books (id, book_code, title, description, publisher_id, edition, published_date, page_count, country_of_origin, default_language, is_active) VALUES ('00000000-0000-0000-0000-000000000806', 'BOOK-EXT-006', 'The Pragmatic Programmer','Extended description for The Pragmatic Programmer', '00000000-0000-0000-0000-000000000401', '1st', '2021-01-01', 360, 'USA', 'en', TRUE) ON CONFLICT DO NOTHING;
INSERT INTO book_authors (book_id, author_id, author_order) VALUES ('00000000-0000-0000-0000-000000000806', '00000000-0000-0000-0000-000000000412', 1) ON CONFLICT DO NOTHING;
INSERT INTO book_categories (book_id, category_id) VALUES ('00000000-0000-0000-0000-000000000806', '00000000-0000-0000-0000-000000000422') ON CONFLICT DO NOTHING;
INSERT INTO book_variants (id, book_id, sku, isbn13, internal_barcode, cover_type, language_code, publish_year, condition_grade, unit_cost, list_price, replacement_cost, is_borrowable, is_sellable, is_track_by_unit, is_active) VALUES ('00000000-0000-0000-0000-000000000906', '00000000-0000-0000-0000-000000000806', 'SKU-EXT-006', '9780000000006', 'BC-EXT-006', 'PAPERBACK', 'en', 2021, 'NEW', 100000, 150000, 200000, TRUE, TRUE, TRUE, TRUE) ON CONFLICT DO NOTHING;
INSERT INTO stock_balances (id, warehouse_id, variant_id, location_id, on_hand_qty, available_qty, reserved_qty, borrowed_qty, damaged_qty, in_transit_qty, safety_stock_qty, reorder_point, status, version, last_movement_at) VALUES ('86ea74b1-8895-418c-9b09-a3887a2e9da4', '00000000-0000-0000-0000-000000000560', '00000000-0000-0000-0000-000000000906', '285734bc-35da-4eb9-a229-e076100a06bd', 10, 10, 0, 0, 0, 0, 2, 5, 'AVAILABLE', 1, NOW()) ON CONFLICT DO NOTHING;
INSERT INTO stock_balances (id, warehouse_id, variant_id, location_id, on_hand_qty, available_qty, reserved_qty, borrowed_qty, damaged_qty, in_transit_qty, safety_stock_qty, reorder_point, status, version, last_movement_at) VALUES ('0e947265-7906-4234-8d1f-f505279db808', '00000000-0000-0000-0000-000000000462', '00000000-0000-0000-0000-000000000906', '00000000-0000-0000-0000-000000000475', 10, 10, 0, 0, 0, 0, 2, 5, 'AVAILABLE', 1, NOW()) ON CONFLICT DO NOTHING;
INSERT INTO stock_balances (id, warehouse_id, variant_id, location_id, on_hand_qty, available_qty, reserved_qty, borrowed_qty, damaged_qty, in_transit_qty, safety_stock_qty, reorder_point, status, version, last_movement_at) VALUES ('5668f9ba-97bd-4139-9979-7aef3c208fc3', '00000000-0000-0000-0000-000000000561', '00000000-0000-0000-0000-000000000906', 'bc46cbc5-7664-431c-9a01-7ebe9e8b8a87', 10, 10, 0, 0, 0, 0, 2, 5, 'AVAILABLE', 1, NOW()) ON CONFLICT DO NOTHING;
INSERT INTO books (id, book_code, title, description, publisher_id, edition, published_date, page_count, country_of_origin, default_language, is_active) VALUES ('00000000-0000-0000-0000-000000000807', 'BOOK-EXT-007', 'Introduction to Algorithms','Extended description for Introduction to Algorithms', '00000000-0000-0000-0000-000000000401', '1st', '2022-01-01', 370, 'USA', 'en', TRUE) ON CONFLICT DO NOTHING;
INSERT INTO book_authors (book_id, author_id, author_order) VALUES ('00000000-0000-0000-0000-000000000807', '00000000-0000-0000-0000-000000000412', 1) ON CONFLICT DO NOTHING;
INSERT INTO book_categories (book_id, category_id) VALUES ('00000000-0000-0000-0000-000000000807', '00000000-0000-0000-0000-000000000421') ON CONFLICT DO NOTHING;
INSERT INTO book_variants (id, book_id, sku, isbn13, internal_barcode, cover_type, language_code, publish_year, condition_grade, unit_cost, list_price, replacement_cost, is_borrowable, is_sellable, is_track_by_unit, is_active) VALUES ('00000000-0000-0000-0000-000000000907', '00000000-0000-0000-0000-000000000807', 'SKU-EXT-007', '9780000000007', 'BC-EXT-007', 'PAPERBACK', 'en', 2022, 'NEW', 100000, 150000, 200000, TRUE, TRUE, TRUE, TRUE) ON CONFLICT DO NOTHING;
INSERT INTO stock_balances (id, warehouse_id, variant_id, location_id, on_hand_qty, available_qty, reserved_qty, borrowed_qty, damaged_qty, in_transit_qty, safety_stock_qty, reorder_point, status, version, last_movement_at) VALUES ('fea3a6f5-1978-449b-b5ca-32c5d8fd379e', '00000000-0000-0000-0000-000000000560', '00000000-0000-0000-0000-000000000907', '82ff7037-02ad-4cdd-8a5b-7c6b93633c20', 10, 10, 0, 0, 0, 0, 2, 5, 'AVAILABLE', 1, NOW()) ON CONFLICT DO NOTHING;
INSERT INTO stock_balances (id, warehouse_id, variant_id, location_id, on_hand_qty, available_qty, reserved_qty, borrowed_qty, damaged_qty, in_transit_qty, safety_stock_qty, reorder_point, status, version, last_movement_at) VALUES ('1173a128-1ee3-445c-89da-5876db1a870c', '00000000-0000-0000-0000-000000000462', '00000000-0000-0000-0000-000000000907', '00000000-0000-0000-0000-000000000475', 10, 10, 0, 0, 0, 0, 2, 5, 'AVAILABLE', 1, NOW()) ON CONFLICT DO NOTHING;
INSERT INTO stock_balances (id, warehouse_id, variant_id, location_id, on_hand_qty, available_qty, reserved_qty, borrowed_qty, damaged_qty, in_transit_qty, safety_stock_qty, reorder_point, status, version, last_movement_at) VALUES ('9d680c96-0e0b-4109-b233-abf5be45fba3', '00000000-0000-0000-0000-000000000561', '00000000-0000-0000-0000-000000000907', '608025c5-4b58-48e6-82a1-078a4f99036b', 10, 10, 0, 0, 0, 0, 2, 5, 'AVAILABLE', 1, NOW()) ON CONFLICT DO NOTHING;
INSERT INTO books (id, book_code, title, description, publisher_id, edition, published_date, page_count, country_of_origin, default_language, is_active) VALUES ('00000000-0000-0000-0000-000000000808', 'BOOK-EXT-008', 'Deep Learning','Extended description for Deep Learning', '00000000-0000-0000-0000-000000000402', '1st', '2023-01-01', 380, 'USA', 'en', TRUE) ON CONFLICT DO NOTHING;
INSERT INTO book_authors (book_id, author_id, author_order) VALUES ('00000000-0000-0000-0000-000000000808', '00000000-0000-0000-0000-000000000412', 1) ON CONFLICT DO NOTHING;
INSERT INTO book_categories (book_id, category_id) VALUES ('00000000-0000-0000-0000-000000000808', '00000000-0000-0000-0000-000000000421') ON CONFLICT DO NOTHING;
INSERT INTO book_variants (id, book_id, sku, isbn13, internal_barcode, cover_type, language_code, publish_year, condition_grade, unit_cost, list_price, replacement_cost, is_borrowable, is_sellable, is_track_by_unit, is_active) VALUES ('00000000-0000-0000-0000-000000000908', '00000000-0000-0000-0000-000000000808', 'SKU-EXT-008', '9780000000008', 'BC-EXT-008', 'PAPERBACK', 'en', 2023, 'NEW', 100000, 150000, 200000, TRUE, TRUE, TRUE, TRUE) ON CONFLICT DO NOTHING;
INSERT INTO stock_balances (id, warehouse_id, variant_id, location_id, on_hand_qty, available_qty, reserved_qty, borrowed_qty, damaged_qty, in_transit_qty, safety_stock_qty, reorder_point, status, version, last_movement_at) VALUES ('db8d0655-6794-4fd9-9e9f-e6ef01026f88', '00000000-0000-0000-0000-000000000560', '00000000-0000-0000-0000-000000000908', '82ff7037-02ad-4cdd-8a5b-7c6b93633c20', 10, 10, 0, 0, 0, 0, 2, 5, 'AVAILABLE', 1, NOW()) ON CONFLICT DO NOTHING;
INSERT INTO stock_balances (id, warehouse_id, variant_id, location_id, on_hand_qty, available_qty, reserved_qty, borrowed_qty, damaged_qty, in_transit_qty, safety_stock_qty, reorder_point, status, version, last_movement_at) VALUES ('bf5d354a-3c07-4f9d-90ce-5250c2155e0d', '00000000-0000-0000-0000-000000000560', '00000000-0000-0000-0000-000000000908', '285734bc-35da-4eb9-a229-e076100a06bd', 10, 10, 0, 0, 0, 0, 2, 5, 'AVAILABLE', 1, NOW()) ON CONFLICT DO NOTHING;
INSERT INTO stock_balances (id, warehouse_id, variant_id, location_id, on_hand_qty, available_qty, reserved_qty, borrowed_qty, damaged_qty, in_transit_qty, safety_stock_qty, reorder_point, status, version, last_movement_at) VALUES ('6a78cd50-3a0f-44d7-9a15-18546fc364a3', '00000000-0000-0000-0000-000000000561', '00000000-0000-0000-0000-000000000908', 'aade4973-adfe-44be-93ae-78362adf2d41', 10, 10, 0, 0, 0, 0, 2, 5, 'AVAILABLE', 1, NOW()) ON CONFLICT DO NOTHING;
INSERT INTO books (id, book_code, title, description, publisher_id, edition, published_date, page_count, country_of_origin, default_language, is_active) VALUES ('00000000-0000-0000-0000-000000000809', 'BOOK-EXT-009', 'Pattern Recognition and Machine Learning','Extended description for Pattern Recognition and Machine Learning', '00000000-0000-0000-0000-000000000402', '1st', '2024-01-01', 390, 'USA', 'en', TRUE) ON CONFLICT DO NOTHING;
INSERT INTO book_authors (book_id, author_id, author_order) VALUES ('00000000-0000-0000-0000-000000000809', '00000000-0000-0000-0000-000000000411', 1) ON CONFLICT DO NOTHING;
INSERT INTO book_categories (book_id, category_id) VALUES ('00000000-0000-0000-0000-000000000809', '00000000-0000-0000-0000-000000000421') ON CONFLICT DO NOTHING;
INSERT INTO book_variants (id, book_id, sku, isbn13, internal_barcode, cover_type, language_code, publish_year, condition_grade, unit_cost, list_price, replacement_cost, is_borrowable, is_sellable, is_track_by_unit, is_active) VALUES ('00000000-0000-0000-0000-000000000909', '00000000-0000-0000-0000-000000000809', 'SKU-EXT-009', '9780000000009', 'BC-EXT-009', 'PAPERBACK', 'en', 2024, 'NEW', 100000, 150000, 200000, TRUE, TRUE, TRUE, TRUE) ON CONFLICT DO NOTHING;
INSERT INTO stock_balances (id, warehouse_id, variant_id, location_id, on_hand_qty, available_qty, reserved_qty, borrowed_qty, damaged_qty, in_transit_qty, safety_stock_qty, reorder_point, status, version, last_movement_at) VALUES ('52b0b301-3286-44d8-a2fb-3ed13b2b6afa', '00000000-0000-0000-0000-000000000462', '00000000-0000-0000-0000-000000000909', '00000000-0000-0000-0000-000000000475', 10, 10, 0, 0, 0, 0, 2, 5, 'AVAILABLE', 1, NOW()) ON CONFLICT DO NOTHING;
INSERT INTO stock_balances (id, warehouse_id, variant_id, location_id, on_hand_qty, available_qty, reserved_qty, borrowed_qty, damaged_qty, in_transit_qty, safety_stock_qty, reorder_point, status, version, last_movement_at) VALUES ('6bff1f68-233f-487b-8549-16884d844322', '00000000-0000-0000-0000-000000000560', '00000000-0000-0000-0000-000000000909', '4dac8442-4f6a-4edf-8a5e-adf3f59bd573', 10, 10, 0, 0, 0, 0, 2, 5, 'AVAILABLE', 1, NOW()) ON CONFLICT DO NOTHING;
INSERT INTO stock_balances (id, warehouse_id, variant_id, location_id, on_hand_qty, available_qty, reserved_qty, borrowed_qty, damaged_qty, in_transit_qty, safety_stock_qty, reorder_point, status, version, last_movement_at) VALUES ('1e56da3c-6dbb-43a8-8621-a4873c494af9', '00000000-0000-0000-0000-000000000560', '00000000-0000-0000-0000-000000000909', '285734bc-35da-4eb9-a229-e076100a06bd', 10, 10, 0, 0, 0, 0, 2, 5, 'AVAILABLE', 1, NOW()) ON CONFLICT DO NOTHING;
INSERT INTO books (id, book_code, title, description, publisher_id, edition, published_date, page_count, country_of_origin, default_language, is_active) VALUES ('00000000-0000-0000-0000-000000000810', 'BOOK-EXT-010', 'Artificial Intelligence: A Modern Approach','Extended description for Artificial Intelligence: A Modern Approach', '00000000-0000-0000-0000-000000000401', '1st', '2020-01-01', 400, 'USA', 'en', TRUE) ON CONFLICT DO NOTHING;
INSERT INTO book_authors (book_id, author_id, author_order) VALUES ('00000000-0000-0000-0000-000000000810', '00000000-0000-0000-0000-000000000413', 1) ON CONFLICT DO NOTHING;
INSERT INTO book_categories (book_id, category_id) VALUES ('00000000-0000-0000-0000-000000000810', '00000000-0000-0000-0000-000000000423') ON CONFLICT DO NOTHING;
INSERT INTO book_variants (id, book_id, sku, isbn13, internal_barcode, cover_type, language_code, publish_year, condition_grade, unit_cost, list_price, replacement_cost, is_borrowable, is_sellable, is_track_by_unit, is_active) VALUES ('00000000-0000-0000-0000-000000000910', '00000000-0000-0000-0000-000000000810', 'SKU-EXT-010', '9780000000010', 'BC-EXT-010', 'PAPERBACK', 'en', 2020, 'NEW', 100000, 150000, 200000, TRUE, TRUE, TRUE, TRUE) ON CONFLICT DO NOTHING;
INSERT INTO stock_balances (id, warehouse_id, variant_id, location_id, on_hand_qty, available_qty, reserved_qty, borrowed_qty, damaged_qty, in_transit_qty, safety_stock_qty, reorder_point, status, version, last_movement_at) VALUES ('194628e7-eece-419e-963a-90b376cbe9f3', '00000000-0000-0000-0000-000000000560', '00000000-0000-0000-0000-000000000910', '82ff7037-02ad-4cdd-8a5b-7c6b93633c20', 10, 10, 0, 0, 0, 0, 2, 5, 'AVAILABLE', 1, NOW()) ON CONFLICT DO NOTHING;
INSERT INTO stock_balances (id, warehouse_id, variant_id, location_id, on_hand_qty, available_qty, reserved_qty, borrowed_qty, damaged_qty, in_transit_qty, safety_stock_qty, reorder_point, status, version, last_movement_at) VALUES ('6efacfc1-d542-423c-b19d-4bfcaf875d7c', '00000000-0000-0000-0000-000000000462', '00000000-0000-0000-0000-000000000910', '00000000-0000-0000-0000-000000000475', 10, 10, 0, 0, 0, 0, 2, 5, 'AVAILABLE', 1, NOW()) ON CONFLICT DO NOTHING;
INSERT INTO stock_balances (id, warehouse_id, variant_id, location_id, on_hand_qty, available_qty, reserved_qty, borrowed_qty, damaged_qty, in_transit_qty, safety_stock_qty, reorder_point, status, version, last_movement_at) VALUES ('eaa2862e-8393-4ece-bf35-b7ff64e5f02c', '00000000-0000-0000-0000-000000000562', '00000000-0000-0000-0000-000000000910', '98a18321-c1f0-4eac-ab43-535b405af598', 10, 10, 0, 0, 0, 0, 2, 5, 'AVAILABLE', 1, NOW()) ON CONFLICT DO NOTHING;
INSERT INTO books (id, book_code, title, description, publisher_id, edition, published_date, page_count, country_of_origin, default_language, is_active) VALUES ('00000000-0000-0000-0000-000000000811', 'BOOK-EXT-011', 'Grokking Algorithms','Extended description for Grokking Algorithms', '00000000-0000-0000-0000-000000000401', '1st', '2021-01-01', 410, 'USA', 'en', TRUE) ON CONFLICT DO NOTHING;
INSERT INTO book_authors (book_id, author_id, author_order) VALUES ('00000000-0000-0000-0000-000000000811', '00000000-0000-0000-0000-000000000412', 1) ON CONFLICT DO NOTHING;
INSERT INTO book_categories (book_id, category_id) VALUES ('00000000-0000-0000-0000-000000000811', '00000000-0000-0000-0000-000000000423') ON CONFLICT DO NOTHING;
INSERT INTO book_variants (id, book_id, sku, isbn13, internal_barcode, cover_type, language_code, publish_year, condition_grade, unit_cost, list_price, replacement_cost, is_borrowable, is_sellable, is_track_by_unit, is_active) VALUES ('00000000-0000-0000-0000-000000000911', '00000000-0000-0000-0000-000000000811', 'SKU-EXT-011', '9780000000011', 'BC-EXT-011', 'PAPERBACK', 'en', 2021, 'NEW', 100000, 150000, 200000, TRUE, TRUE, TRUE, TRUE) ON CONFLICT DO NOTHING;
INSERT INTO stock_balances (id, warehouse_id, variant_id, location_id, on_hand_qty, available_qty, reserved_qty, borrowed_qty, damaged_qty, in_transit_qty, safety_stock_qty, reorder_point, status, version, last_movement_at) VALUES ('aa7d4705-a55c-41e3-989d-09e1a6888ba9', '00000000-0000-0000-0000-000000000561', '00000000-0000-0000-0000-000000000911', 'aade4973-adfe-44be-93ae-78362adf2d41', 10, 10, 0, 0, 0, 0, 2, 5, 'AVAILABLE', 1, NOW()) ON CONFLICT DO NOTHING;
INSERT INTO stock_balances (id, warehouse_id, variant_id, location_id, on_hand_qty, available_qty, reserved_qty, borrowed_qty, damaged_qty, in_transit_qty, safety_stock_qty, reorder_point, status, version, last_movement_at) VALUES ('ea2fbb51-b0f6-41d6-8590-365ae565e4f5', '00000000-0000-0000-0000-000000000560', '00000000-0000-0000-0000-000000000911', '4dac8442-4f6a-4edf-8a5e-adf3f59bd573', 10, 10, 0, 0, 0, 0, 2, 5, 'AVAILABLE', 1, NOW()) ON CONFLICT DO NOTHING;
INSERT INTO stock_balances (id, warehouse_id, variant_id, location_id, on_hand_qty, available_qty, reserved_qty, borrowed_qty, damaged_qty, in_transit_qty, safety_stock_qty, reorder_point, status, version, last_movement_at) VALUES ('64cd2ba5-2de0-49ae-b334-bb790113e13c', '00000000-0000-0000-0000-000000000562', '00000000-0000-0000-0000-000000000911', '980c048e-f365-4dc9-9245-23de9dc18299', 10, 10, 0, 0, 0, 0, 2, 5, 'AVAILABLE', 1, NOW()) ON CONFLICT DO NOTHING;
INSERT INTO books (id, book_code, title, description, publisher_id, edition, published_date, page_count, country_of_origin, default_language, is_active) VALUES ('00000000-0000-0000-0000-000000000812', 'BOOK-EXT-012', 'Site Reliability Engineering','Extended description for Site Reliability Engineering', '00000000-0000-0000-0000-000000000402', '1st', '2022-01-01', 420, 'USA', 'en', TRUE) ON CONFLICT DO NOTHING;
INSERT INTO book_authors (book_id, author_id, author_order) VALUES ('00000000-0000-0000-0000-000000000812', '00000000-0000-0000-0000-000000000412', 1) ON CONFLICT DO NOTHING;
INSERT INTO book_categories (book_id, category_id) VALUES ('00000000-0000-0000-0000-000000000812', '00000000-0000-0000-0000-000000000421') ON CONFLICT DO NOTHING;
INSERT INTO book_variants (id, book_id, sku, isbn13, internal_barcode, cover_type, language_code, publish_year, condition_grade, unit_cost, list_price, replacement_cost, is_borrowable, is_sellable, is_track_by_unit, is_active) VALUES ('00000000-0000-0000-0000-000000000912', '00000000-0000-0000-0000-000000000812', 'SKU-EXT-012', '9780000000012', 'BC-EXT-012', 'PAPERBACK', 'en', 2022, 'NEW', 100000, 150000, 200000, TRUE, TRUE, TRUE, TRUE) ON CONFLICT DO NOTHING;
INSERT INTO stock_balances (id, warehouse_id, variant_id, location_id, on_hand_qty, available_qty, reserved_qty, borrowed_qty, damaged_qty, in_transit_qty, safety_stock_qty, reorder_point, status, version, last_movement_at) VALUES ('3e71c0d9-2929-4c30-a05d-f1700df0b689', '00000000-0000-0000-0000-000000000560', '00000000-0000-0000-0000-000000000912', '4dac8442-4f6a-4edf-8a5e-adf3f59bd573', 10, 10, 0, 0, 0, 0, 2, 5, 'AVAILABLE', 1, NOW()) ON CONFLICT DO NOTHING;
INSERT INTO stock_balances (id, warehouse_id, variant_id, location_id, on_hand_qty, available_qty, reserved_qty, borrowed_qty, damaged_qty, in_transit_qty, safety_stock_qty, reorder_point, status, version, last_movement_at) VALUES ('859002b1-bab1-4b4e-abfc-389454488e3a', '00000000-0000-0000-0000-000000000560', '00000000-0000-0000-0000-000000000912', '82ff7037-02ad-4cdd-8a5b-7c6b93633c20', 10, 10, 0, 0, 0, 0, 2, 5, 'AVAILABLE', 1, NOW()) ON CONFLICT DO NOTHING;
INSERT INTO stock_balances (id, warehouse_id, variant_id, location_id, on_hand_qty, available_qty, reserved_qty, borrowed_qty, damaged_qty, in_transit_qty, safety_stock_qty, reorder_point, status, version, last_movement_at) VALUES ('b9c0f13d-f6d9-4f67-8566-4e9b0474e90d', '00000000-0000-0000-0000-000000000562', '00000000-0000-0000-0000-000000000912', '980c048e-f365-4dc9-9245-23de9dc18299', 10, 10, 0, 0, 0, 0, 2, 5, 'AVAILABLE', 1, NOW()) ON CONFLICT DO NOTHING;
INSERT INTO books (id, book_code, title, description, publisher_id, edition, published_date, page_count, country_of_origin, default_language, is_active) VALUES ('00000000-0000-0000-0000-000000000813', 'BOOK-EXT-013', 'Building Microservices','Extended description for Building Microservices', '00000000-0000-0000-0000-000000000402', '1st', '2023-01-01', 430, 'USA', 'en', TRUE) ON CONFLICT DO NOTHING;
INSERT INTO book_authors (book_id, author_id, author_order) VALUES ('00000000-0000-0000-0000-000000000813', '00000000-0000-0000-0000-000000000412', 1) ON CONFLICT DO NOTHING;
INSERT INTO book_categories (book_id, category_id) VALUES ('00000000-0000-0000-0000-000000000813', '00000000-0000-0000-0000-000000000421') ON CONFLICT DO NOTHING;
INSERT INTO book_variants (id, book_id, sku, isbn13, internal_barcode, cover_type, language_code, publish_year, condition_grade, unit_cost, list_price, replacement_cost, is_borrowable, is_sellable, is_track_by_unit, is_active) VALUES ('00000000-0000-0000-0000-000000000913', '00000000-0000-0000-0000-000000000813', 'SKU-EXT-013', '9780000000013', 'BC-EXT-013', 'PAPERBACK', 'en', 2023, 'NEW', 100000, 150000, 200000, TRUE, TRUE, TRUE, TRUE) ON CONFLICT DO NOTHING;
INSERT INTO stock_balances (id, warehouse_id, variant_id, location_id, on_hand_qty, available_qty, reserved_qty, borrowed_qty, damaged_qty, in_transit_qty, safety_stock_qty, reorder_point, status, version, last_movement_at) VALUES ('ad746872-2f63-4642-8851-447a38e18254', '00000000-0000-0000-0000-000000000561', '00000000-0000-0000-0000-000000000913', 'bc46cbc5-7664-431c-9a01-7ebe9e8b8a87', 10, 10, 0, 0, 0, 0, 2, 5, 'AVAILABLE', 1, NOW()) ON CONFLICT DO NOTHING;
INSERT INTO stock_balances (id, warehouse_id, variant_id, location_id, on_hand_qty, available_qty, reserved_qty, borrowed_qty, damaged_qty, in_transit_qty, safety_stock_qty, reorder_point, status, version, last_movement_at) VALUES ('8c52adf9-e441-4ef9-ba9e-a82c22c533cb', '00000000-0000-0000-0000-000000000562', '00000000-0000-0000-0000-000000000913', '98a18321-c1f0-4eac-ab43-535b405af598', 10, 10, 0, 0, 0, 0, 2, 5, 'AVAILABLE', 1, NOW()) ON CONFLICT DO NOTHING;
INSERT INTO stock_balances (id, warehouse_id, variant_id, location_id, on_hand_qty, available_qty, reserved_qty, borrowed_qty, damaged_qty, in_transit_qty, safety_stock_qty, reorder_point, status, version, last_movement_at) VALUES ('6b703b22-5138-4d6c-8a95-77d81a4f3731', '00000000-0000-0000-0000-000000000562', '00000000-0000-0000-0000-000000000913', '980c048e-f365-4dc9-9245-23de9dc18299', 10, 10, 0, 0, 0, 0, 2, 5, 'AVAILABLE', 1, NOW()) ON CONFLICT DO NOTHING;
INSERT INTO books (id, book_code, title, description, publisher_id, edition, published_date, page_count, country_of_origin, default_language, is_active) VALUES ('00000000-0000-0000-0000-000000000814', 'BOOK-EXT-014', 'Kubernetes Up and Running','Extended description for Kubernetes Up and Running', '00000000-0000-0000-0000-000000000402', '1st', '2024-01-01', 440, 'USA', 'en', TRUE) ON CONFLICT DO NOTHING;
INSERT INTO book_authors (book_id, author_id, author_order) VALUES ('00000000-0000-0000-0000-000000000814', '00000000-0000-0000-0000-000000000411', 1) ON CONFLICT DO NOTHING;
INSERT INTO book_categories (book_id, category_id) VALUES ('00000000-0000-0000-0000-000000000814', '00000000-0000-0000-0000-000000000421') ON CONFLICT DO NOTHING;
INSERT INTO book_variants (id, book_id, sku, isbn13, internal_barcode, cover_type, language_code, publish_year, condition_grade, unit_cost, list_price, replacement_cost, is_borrowable, is_sellable, is_track_by_unit, is_active) VALUES ('00000000-0000-0000-0000-000000000914', '00000000-0000-0000-0000-000000000814', 'SKU-EXT-014', '9780000000014', 'BC-EXT-014', 'PAPERBACK', 'en', 2024, 'NEW', 100000, 150000, 200000, TRUE, TRUE, TRUE, TRUE) ON CONFLICT DO NOTHING;
INSERT INTO stock_balances (id, warehouse_id, variant_id, location_id, on_hand_qty, available_qty, reserved_qty, borrowed_qty, damaged_qty, in_transit_qty, safety_stock_qty, reorder_point, status, version, last_movement_at) VALUES ('ec3861de-a878-42eb-8536-6054f228ec1f', '00000000-0000-0000-0000-000000000562', '00000000-0000-0000-0000-000000000914', '980c048e-f365-4dc9-9245-23de9dc18299', 10, 10, 0, 0, 0, 0, 2, 5, 'AVAILABLE', 1, NOW()) ON CONFLICT DO NOTHING;
INSERT INTO stock_balances (id, warehouse_id, variant_id, location_id, on_hand_qty, available_qty, reserved_qty, borrowed_qty, damaged_qty, in_transit_qty, safety_stock_qty, reorder_point, status, version, last_movement_at) VALUES ('0847e14b-17da-4bb8-bb29-1f284534f5e0', '00000000-0000-0000-0000-000000000561', '00000000-0000-0000-0000-000000000914', 'bc46cbc5-7664-431c-9a01-7ebe9e8b8a87', 10, 10, 0, 0, 0, 0, 2, 5, 'AVAILABLE', 1, NOW()) ON CONFLICT DO NOTHING;
INSERT INTO stock_balances (id, warehouse_id, variant_id, location_id, on_hand_qty, available_qty, reserved_qty, borrowed_qty, damaged_qty, in_transit_qty, safety_stock_qty, reorder_point, status, version, last_movement_at) VALUES ('e131e38f-3edc-47e4-9ca9-17ec8bdad9ef', '00000000-0000-0000-0000-000000000561', '00000000-0000-0000-0000-000000000914', '608025c5-4b58-48e6-82a1-078a4f99036b', 10, 10, 0, 0, 0, 0, 2, 5, 'AVAILABLE', 1, NOW()) ON CONFLICT DO NOTHING;
COMMIT;
\connect borrow_db
BEGIN;
INSERT INTO customers (id, customer_code, full_name, email, phone, status, total_fine_balance) VALUES ('00000000-0000-0000-0000-000000000800', 'CUS-EXT-000', 'Vo Anh', 'vo.anh@smartbook.local', '0913000000', 'ACTIVE', 0) ON CONFLICT DO NOTHING;
INSERT INTO customer_memberships (id, customer_id, plan_id, card_number, start_date, end_date, status) VALUES ('00000000-0000-0000-0000-000000000800', '00000000-0000-0000-0000-000000000800', '00000000-0000-0000-0000-000000000711', 'CARD-EXT-000', CURRENT_DATE - INTERVAL '10 day', CURRENT_DATE + INTERVAL '355 day', 'ACTIVE') ON CONFLICT DO NOTHING;
INSERT INTO loan_transactions (id, loan_number, customer_id, warehouse_id, handled_by_user_id, borrow_date, due_date, status, total_items, notes) VALUES ('00000000-0000-0000-0000-000000000900', 'LOAN-EXT-000', '00000000-0000-0000-0000-000000000800', '00000000-0000-0000-0000-000000000461', '00000000-0000-0000-0000-000000000103', NOW() - INTERVAL '0 day', NOW() + INTERVAL '14 day', 'BORROWED', 1, 'Extended seeded loan') ON CONFLICT DO NOTHING;
INSERT INTO loan_items (id, loan_id, variant_id, due_date, status, item_condition_on_checkout) VALUES ('27a9ee2b-ac3d-46d6-9780-8d14bc1267d2', '00000000-0000-0000-0000-000000000900', '00000000-0000-0000-0000-000000000904', NOW() + INTERVAL '14 day', 'BORROWED', 'GOOD') ON CONFLICT DO NOTHING;
INSERT INTO customers (id, customer_code, full_name, email, phone, status, total_fine_balance) VALUES ('00000000-0000-0000-0000-000000000801', 'CUS-EXT-001', 'Hoang Lan', 'hoang.lan@smartbook.local', '0913000001', 'ACTIVE', 0) ON CONFLICT DO NOTHING;
INSERT INTO customer_memberships (id, customer_id, plan_id, card_number, start_date, end_date, status) VALUES ('00000000-0000-0000-0000-000000000801', '00000000-0000-0000-0000-000000000801', '00000000-0000-0000-0000-000000000711', 'CARD-EXT-001', CURRENT_DATE - INTERVAL '10 day', CURRENT_DATE + INTERVAL '355 day', 'ACTIVE') ON CONFLICT DO NOTHING;
INSERT INTO customers (id, customer_code, full_name, email, phone, status, total_fine_balance) VALUES ('00000000-0000-0000-0000-000000000802', 'CUS-EXT-002', 'Doan Du', 'doan.du@smartbook.local', '0913000002', 'ACTIVE', 0) ON CONFLICT DO NOTHING;
INSERT INTO customer_memberships (id, customer_id, plan_id, card_number, start_date, end_date, status) VALUES ('00000000-0000-0000-0000-000000000802', '00000000-0000-0000-0000-000000000802', '00000000-0000-0000-0000-000000000711', 'CARD-EXT-002', CURRENT_DATE - INTERVAL '10 day', CURRENT_DATE + INTERVAL '355 day', 'ACTIVE') ON CONFLICT DO NOTHING;
INSERT INTO loan_transactions (id, loan_number, customer_id, warehouse_id, handled_by_user_id, borrow_date, due_date, status, total_items, notes) VALUES ('00000000-0000-0000-0000-000000000902', 'LOAN-EXT-002', '00000000-0000-0000-0000-000000000802', '00000000-0000-0000-0000-000000000560', '00000000-0000-0000-0000-000000000103', NOW() - INTERVAL '2 day', NOW() + INTERVAL '12 day', 'BORROWED', 1, 'Extended seeded loan') ON CONFLICT DO NOTHING;
INSERT INTO loan_items (id, loan_id, variant_id, due_date, status, item_condition_on_checkout) VALUES ('8fd8f349-0903-4fa3-b026-7a165d178270', '00000000-0000-0000-0000-000000000902', '00000000-0000-0000-0000-000000000908', NOW() + INTERVAL '12 day', 'BORROWED', 'GOOD') ON CONFLICT DO NOTHING;
INSERT INTO customers (id, customer_code, full_name, email, phone, status, total_fine_balance) VALUES ('00000000-0000-0000-0000-000000000803', 'CUS-EXT-003', 'Qieu Phong', 'qieu.phong@smartbook.local', '0913000003', 'ACTIVE', 0) ON CONFLICT DO NOTHING;
INSERT INTO customer_memberships (id, customer_id, plan_id, card_number, start_date, end_date, status) VALUES ('00000000-0000-0000-0000-000000000803', '00000000-0000-0000-0000-000000000803', '00000000-0000-0000-0000-000000000711', 'CARD-EXT-003', CURRENT_DATE - INTERVAL '10 day', CURRENT_DATE + INTERVAL '355 day', 'ACTIVE') ON CONFLICT DO NOTHING;
INSERT INTO customers (id, customer_code, full_name, email, phone, status, total_fine_balance) VALUES ('00000000-0000-0000-0000-000000000804', 'CUS-EXT-004', 'Doan P', 'doan.p@smartbook.local', '0913000004', 'ACTIVE', 0) ON CONFLICT DO NOTHING;
INSERT INTO customer_memberships (id, customer_id, plan_id, card_number, start_date, end_date, status) VALUES ('00000000-0000-0000-0000-000000000804', '00000000-0000-0000-0000-000000000804', '00000000-0000-0000-0000-000000000711', 'CARD-EXT-004', CURRENT_DATE - INTERVAL '10 day', CURRENT_DATE + INTERVAL '355 day', 'ACTIVE') ON CONFLICT DO NOTHING;
INSERT INTO loan_transactions (id, loan_number, customer_id, warehouse_id, handled_by_user_id, borrow_date, due_date, status, total_items, notes) VALUES ('00000000-0000-0000-0000-000000000904', 'LOAN-EXT-004', '00000000-0000-0000-0000-000000000804', '00000000-0000-0000-0000-000000000561', '00000000-0000-0000-0000-000000000103', NOW() - INTERVAL '4 day', NOW() + INTERVAL '10 day', 'BORROWED', 1, 'Extended seeded loan') ON CONFLICT DO NOTHING;
INSERT INTO loan_items (id, loan_id, variant_id, due_date, status, item_condition_on_checkout) VALUES ('e07186dd-e734-46d2-b8c8-fe574ab90fa6', '00000000-0000-0000-0000-000000000904', '00000000-0000-0000-0000-000000000913', NOW() + INTERVAL '10 day', 'BORROWED', 'GOOD') ON CONFLICT DO NOTHING;
INSERT INTO customers (id, customer_code, full_name, email, phone, status, total_fine_balance) VALUES ('00000000-0000-0000-0000-000000000805', 'CUS-EXT-005', 'Le Loi', 'le.loi@smartbook.local', '0913000005', 'ACTIVE', 0) ON CONFLICT DO NOTHING;
INSERT INTO customer_memberships (id, customer_id, plan_id, card_number, start_date, end_date, status) VALUES ('00000000-0000-0000-0000-000000000805', '00000000-0000-0000-0000-000000000805', '00000000-0000-0000-0000-000000000711', 'CARD-EXT-005', CURRENT_DATE - INTERVAL '10 day', CURRENT_DATE + INTERVAL '355 day', 'ACTIVE') ON CONFLICT DO NOTHING;
INSERT INTO customers (id, customer_code, full_name, email, phone, status, total_fine_balance) VALUES ('00000000-0000-0000-0000-000000000806', 'CUS-EXT-006', 'Nguyen Trai', 'nguyen.trai@smartbook.local', '0913000006', 'ACTIVE', 0) ON CONFLICT DO NOTHING;
INSERT INTO customer_memberships (id, customer_id, plan_id, card_number, start_date, end_date, status) VALUES ('00000000-0000-0000-0000-000000000806', '00000000-0000-0000-0000-000000000806', '00000000-0000-0000-0000-000000000711', 'CARD-EXT-006', CURRENT_DATE - INTERVAL '10 day', CURRENT_DATE + INTERVAL '355 day', 'ACTIVE') ON CONFLICT DO NOTHING;
INSERT INTO loan_transactions (id, loan_number, customer_id, warehouse_id, handled_by_user_id, borrow_date, due_date, status, total_items, notes) VALUES ('00000000-0000-0000-0000-000000000906', 'LOAN-EXT-006', '00000000-0000-0000-0000-000000000806', '00000000-0000-0000-0000-000000000561', '00000000-0000-0000-0000-000000000103', NOW() - INTERVAL '6 day', NOW() + INTERVAL '8 day', 'BORROWED', 1, 'Extended seeded loan') ON CONFLICT DO NOTHING;
INSERT INTO loan_items (id, loan_id, variant_id, due_date, status, item_condition_on_checkout) VALUES ('20ad0f5a-dc05-4307-923e-ba39ba4871ae', '00000000-0000-0000-0000-000000000906', '00000000-0000-0000-0000-000000000904', NOW() + INTERVAL '8 day', 'BORROWED', 'GOOD') ON CONFLICT DO NOTHING;
INSERT INTO customers (id, customer_code, full_name, email, phone, status, total_fine_balance) VALUES ('00000000-0000-0000-0000-000000000807', 'CUS-EXT-007', 'Tran Hung Dao', 'tran.hung.dao@smartbook.local', '0913000007', 'ACTIVE', 0) ON CONFLICT DO NOTHING;
INSERT INTO customer_memberships (id, customer_id, plan_id, card_number, start_date, end_date, status) VALUES ('00000000-0000-0000-0000-000000000807', '00000000-0000-0000-0000-000000000807', '00000000-0000-0000-0000-000000000711', 'CARD-EXT-007', CURRENT_DATE - INTERVAL '10 day', CURRENT_DATE + INTERVAL '355 day', 'ACTIVE') ON CONFLICT DO NOTHING;
INSERT INTO customers (id, customer_code, full_name, email, phone, status, total_fine_balance) VALUES ('00000000-0000-0000-0000-000000000808', 'CUS-EXT-008', 'Ly Thuong Kiet', 'ly.thuong.kiet@smartbook.local', '0913000008', 'ACTIVE', 0) ON CONFLICT DO NOTHING;
INSERT INTO customer_memberships (id, customer_id, plan_id, card_number, start_date, end_date, status) VALUES ('00000000-0000-0000-0000-000000000808', '00000000-0000-0000-0000-000000000808', '00000000-0000-0000-0000-000000000711', 'CARD-EXT-008', CURRENT_DATE - INTERVAL '10 day', CURRENT_DATE + INTERVAL '355 day', 'ACTIVE') ON CONFLICT DO NOTHING;
INSERT INTO loan_transactions (id, loan_number, customer_id, warehouse_id, handled_by_user_id, borrow_date, due_date, status, total_items, notes) VALUES ('00000000-0000-0000-0000-000000000908', 'LOAN-EXT-008', '00000000-0000-0000-0000-000000000808', '00000000-0000-0000-0000-000000000560', '00000000-0000-0000-0000-000000000103', NOW() - INTERVAL '8 day', NOW() + INTERVAL '6 day', 'BORROWED', 1, 'Extended seeded loan') ON CONFLICT DO NOTHING;
INSERT INTO loan_items (id, loan_id, variant_id, due_date, status, item_condition_on_checkout) VALUES ('f7885ab2-d99a-4610-a726-fbb63f018b68', '00000000-0000-0000-0000-000000000908', '00000000-0000-0000-0000-000000000902', NOW() + INTERVAL '6 day', 'BORROWED', 'GOOD') ON CONFLICT DO NOTHING;
INSERT INTO customers (id, customer_code, full_name, email, phone, status, total_fine_balance) VALUES ('00000000-0000-0000-0000-000000000809', 'CUS-EXT-009', 'Ngo Quyen', 'ngo.quyen@smartbook.local', '0913000009', 'ACTIVE', 0) ON CONFLICT DO NOTHING;
INSERT INTO customer_memberships (id, customer_id, plan_id, card_number, start_date, end_date, status) VALUES ('00000000-0000-0000-0000-000000000809', '00000000-0000-0000-0000-000000000809', '00000000-0000-0000-0000-000000000711', 'CARD-EXT-009', CURRENT_DATE - INTERVAL '10 day', CURRENT_DATE + INTERVAL '355 day', 'ACTIVE') ON CONFLICT DO NOTHING;
COMMIT;