-- Extended Seed Data V2 (Includes Warehouses & Locations)
SET client_encoding = 'UTF8';
\connect inventory_db
BEGIN;
INSERT INTO warehouses (id, code, name, warehouse_type, address_line1, district, province, country, manager_user_id, is_active) VALUES ('00000000-0000-0000-0000-000000000560', 'WH-DN-01', 'Da Nang Branch', 'BRANCH', '123 Main St', 'Hai Chau', 'Da Nang', 'Vietnam', '00000000-0000-0000-0000-000000000101', TRUE) ON CONFLICT DO NOTHING;
INSERT INTO warehouse_settings (warehouse_id, reservation_hold_hours, allow_negative_stock, default_low_stock_threshold, enable_cycle_count, created_at, updated_at) VALUES ('00000000-0000-0000-0000-000000000560', 24, FALSE, 5, TRUE, NOW(), NOW()) ON CONFLICT DO NOTHING;
INSERT INTO warehouses (id, code, name, warehouse_type, address_line1, district, province, country, manager_user_id, is_active) VALUES ('00000000-0000-0000-0000-000000000561', 'WH-CT-01', 'Can Tho Branch', 'BRANCH', '123 Main St', 'Ninh Kieu', 'Can Tho', 'Vietnam', '00000000-0000-0000-0000-000000000101', TRUE) ON CONFLICT DO NOTHING;
INSERT INTO warehouse_settings (warehouse_id, reservation_hold_hours, allow_negative_stock, default_low_stock_threshold, enable_cycle_count, created_at, updated_at) VALUES ('00000000-0000-0000-0000-000000000561', 24, FALSE, 5, TRUE, NOW(), NOW()) ON CONFLICT DO NOTHING;
INSERT INTO warehouses (id, code, name, warehouse_type, address_line1, district, province, country, manager_user_id, is_active) VALUES ('00000000-0000-0000-0000-000000000562', 'WH-HP-01', 'Hai Phong Branch', 'BRANCH', '123 Main St', 'Ngo Quyen', 'Hai Phong', 'Vietnam', '00000000-0000-0000-0000-000000000101', TRUE) ON CONFLICT DO NOTHING;
INSERT INTO warehouse_settings (warehouse_id, reservation_hold_hours, allow_negative_stock, default_low_stock_threshold, enable_cycle_count, created_at, updated_at) VALUES ('00000000-0000-0000-0000-000000000562', 24, FALSE, 5, TRUE, NOW(), NOW()) ON CONFLICT DO NOTHING;
INSERT INTO locations (id, warehouse_id, parent_location_id, location_code, location_type, barcode, capacity_qty, is_pickable, is_active) VALUES ('8f1d331a-1125-4867-ac86-eabde18d798e', '00000000-0000-0000-0000-000000000560', NULL, 'RCV-EXT', 'RECEIVING', 'LOC-RCV-560', 500, FALSE, TRUE) ON CONFLICT DO NOTHING;
INSERT INTO locations (id, warehouse_id, parent_location_id, location_code, location_type, zone, barcode, is_pickable, is_active) VALUES ('370a3849-27e2-4eeb-b973-5166d5830699', '00000000-0000-0000-0000-000000000560', NULL, 'A', 'ZONE', 'A', 'LOC-Z-A-560', FALSE, TRUE) ON CONFLICT DO NOTHING;
INSERT INTO locations (id, warehouse_id, parent_location_id, location_code, location_type, zone, shelf, barcode, is_pickable, is_active) VALUES ('f7e3ba02-f6c7-44d5-aba2-48a0bddd3f7b', '00000000-0000-0000-0000-000000000560', '370a3849-27e2-4eeb-b973-5166d5830699', 'A-01', 'SHELF', 'A', '01', 'LOC-S-A01-560', FALSE, TRUE) ON CONFLICT DO NOTHING;
INSERT INTO locations (id, warehouse_id, parent_location_id, location_code, location_type, zone, aisle, shelf, bin, barcode, capacity_qty, is_pickable, is_active) VALUES ('b81f781d-6a9e-4b55-8f91-6fcdaee0a8d1', '00000000-0000-0000-0000-000000000560', 'f7e3ba02-f6c7-44d5-aba2-48a0bddd3f7b', 'A-01-01', 'SHELF_COMPARTMENT', 'A', NULL, '01', '01', 'LOC-A0101-560', 100, TRUE, TRUE) ON CONFLICT DO NOTHING;
INSERT INTO locations (id, warehouse_id, parent_location_id, location_code, location_type, zone, aisle, shelf, bin, barcode, capacity_qty, is_pickable, is_active) VALUES ('2b2e2b82-11fa-445d-ae15-109707356294', '00000000-0000-0000-0000-000000000560', 'f7e3ba02-f6c7-44d5-aba2-48a0bddd3f7b', 'A-01-02', 'SHELF_COMPARTMENT', 'A', NULL, '01', '02', 'LOC-A0102-560', 100, TRUE, TRUE) ON CONFLICT DO NOTHING;
INSERT INTO locations (id, warehouse_id, parent_location_id, location_code, location_type, zone, aisle, shelf, bin, barcode, capacity_qty, is_pickable, is_active) VALUES ('c2789e7e-61ae-4bbd-b086-b05954066b5b', '00000000-0000-0000-0000-000000000560', 'f7e3ba02-f6c7-44d5-aba2-48a0bddd3f7b', 'A-01-03', 'SHELF_COMPARTMENT', 'A', NULL, '01', '03', 'LOC-A0103-560', 100, TRUE, TRUE) ON CONFLICT DO NOTHING;
INSERT INTO locations (id, warehouse_id, parent_location_id, location_code, location_type, barcode, capacity_qty, is_pickable, is_active) VALUES ('21791406-7fdd-4fe0-991f-b80c8d856da1', '00000000-0000-0000-0000-000000000561', NULL, 'RCV-EXT', 'RECEIVING', 'LOC-RCV-561', 500, FALSE, TRUE) ON CONFLICT DO NOTHING;
INSERT INTO locations (id, warehouse_id, parent_location_id, location_code, location_type, zone, barcode, is_pickable, is_active) VALUES ('58fa272c-8e2e-4a2a-8122-613286c78abf', '00000000-0000-0000-0000-000000000561', NULL, 'A', 'ZONE', 'A', 'LOC-Z-A-561', FALSE, TRUE) ON CONFLICT DO NOTHING;
INSERT INTO locations (id, warehouse_id, parent_location_id, location_code, location_type, zone, shelf, barcode, is_pickable, is_active) VALUES ('4198390f-0eb3-4500-8a13-de914b968b57', '00000000-0000-0000-0000-000000000561', '58fa272c-8e2e-4a2a-8122-613286c78abf', 'A-01', 'SHELF', 'A', '01', 'LOC-S-A01-561', FALSE, TRUE) ON CONFLICT DO NOTHING;
INSERT INTO locations (id, warehouse_id, parent_location_id, location_code, location_type, zone, aisle, shelf, bin, barcode, capacity_qty, is_pickable, is_active) VALUES ('f1e42190-7a65-46a7-80d4-87fbc53d61cb', '00000000-0000-0000-0000-000000000561', '4198390f-0eb3-4500-8a13-de914b968b57', 'A-01-01', 'SHELF_COMPARTMENT', 'A', NULL, '01', '01', 'LOC-A0101-561', 100, TRUE, TRUE) ON CONFLICT DO NOTHING;
INSERT INTO locations (id, warehouse_id, parent_location_id, location_code, location_type, zone, aisle, shelf, bin, barcode, capacity_qty, is_pickable, is_active) VALUES ('ad5d1615-055e-47a7-ad7d-da1db097a38a', '00000000-0000-0000-0000-000000000561', '4198390f-0eb3-4500-8a13-de914b968b57', 'A-01-02', 'SHELF_COMPARTMENT', 'A', NULL, '01', '02', 'LOC-A0102-561', 100, TRUE, TRUE) ON CONFLICT DO NOTHING;
INSERT INTO locations (id, warehouse_id, parent_location_id, location_code, location_type, zone, aisle, shelf, bin, barcode, capacity_qty, is_pickable, is_active) VALUES ('efd6193c-de37-48e7-b8e1-77675d7c7f91', '00000000-0000-0000-0000-000000000561', '4198390f-0eb3-4500-8a13-de914b968b57', 'A-01-03', 'SHELF_COMPARTMENT', 'A', NULL, '01', '03', 'LOC-A0103-561', 100, TRUE, TRUE) ON CONFLICT DO NOTHING;
INSERT INTO locations (id, warehouse_id, parent_location_id, location_code, location_type, barcode, capacity_qty, is_pickable, is_active) VALUES ('ceb65db9-7a38-4909-88bf-ef11d8946160', '00000000-0000-0000-0000-000000000562', NULL, 'RCV-EXT', 'RECEIVING', 'LOC-RCV-562', 500, FALSE, TRUE) ON CONFLICT DO NOTHING;
INSERT INTO locations (id, warehouse_id, parent_location_id, location_code, location_type, zone, barcode, is_pickable, is_active) VALUES ('874c381b-a2b4-4cee-af80-5d8e88731b1e', '00000000-0000-0000-0000-000000000562', NULL, 'A', 'ZONE', 'A', 'LOC-Z-A-562', FALSE, TRUE) ON CONFLICT DO NOTHING;
INSERT INTO locations (id, warehouse_id, parent_location_id, location_code, location_type, zone, shelf, barcode, is_pickable, is_active) VALUES ('8cd8407c-7072-4483-8363-d544b07c2e7f', '00000000-0000-0000-0000-000000000562', '874c381b-a2b4-4cee-af80-5d8e88731b1e', 'A-01', 'SHELF', 'A', '01', 'LOC-S-A01-562', FALSE, TRUE) ON CONFLICT DO NOTHING;
INSERT INTO locations (id, warehouse_id, parent_location_id, location_code, location_type, zone, aisle, shelf, bin, barcode, capacity_qty, is_pickable, is_active) VALUES ('211339a3-4933-45ec-8d2f-d4a56e28f98c', '00000000-0000-0000-0000-000000000562', '8cd8407c-7072-4483-8363-d544b07c2e7f', 'A-01-01', 'SHELF_COMPARTMENT', 'A', NULL, '01', '01', 'LOC-A0101-562', 100, TRUE, TRUE) ON CONFLICT DO NOTHING;
INSERT INTO locations (id, warehouse_id, parent_location_id, location_code, location_type, zone, aisle, shelf, bin, barcode, capacity_qty, is_pickable, is_active) VALUES ('e1e84ad1-8e41-44d5-81af-3f91068eb5a0', '00000000-0000-0000-0000-000000000562', '8cd8407c-7072-4483-8363-d544b07c2e7f', 'A-01-02', 'SHELF_COMPARTMENT', 'A', NULL, '01', '02', 'LOC-A0102-562', 100, TRUE, TRUE) ON CONFLICT DO NOTHING;
INSERT INTO locations (id, warehouse_id, parent_location_id, location_code, location_type, zone, aisle, shelf, bin, barcode, capacity_qty, is_pickable, is_active) VALUES ('fa4eca3a-0db2-47dd-a84a-9574b45bc710', '00000000-0000-0000-0000-000000000562', '8cd8407c-7072-4483-8363-d544b07c2e7f', 'A-01-03', 'SHELF_COMPARTMENT', 'A', NULL, '01', '03', 'LOC-A0103-562', 100, TRUE, TRUE) ON CONFLICT DO NOTHING;
INSERT INTO books (id, book_code, title, description, publisher_id, edition, published_date, page_count, country_of_origin, default_language, is_active) VALUES ('00000000-0000-0000-0000-000000000800', 'BOOK-EXT-000', 'Clean Code','Extended description for Clean Code', '00000000-0000-0000-0000-000000000402', '1st', '2020-01-01', 300, 'USA', 'en', TRUE) ON CONFLICT DO NOTHING;
INSERT INTO book_authors (book_id, author_id, author_order) VALUES ('00000000-0000-0000-0000-000000000800', '00000000-0000-0000-0000-000000000412', 1) ON CONFLICT DO NOTHING;
INSERT INTO book_categories (book_id, category_id) VALUES ('00000000-0000-0000-0000-000000000800', '00000000-0000-0000-0000-000000000423') ON CONFLICT DO NOTHING;
INSERT INTO book_variants (id, book_id, sku, isbn13, internal_barcode, cover_type, language_code, publish_year, condition_grade, unit_cost, list_price, replacement_cost, is_borrowable, is_sellable, is_track_by_unit, is_active) VALUES ('00000000-0000-0000-0000-000000000900', '00000000-0000-0000-0000-000000000800', 'SKU-EXT-000', '9780000000000', 'BC-EXT-000', 'PAPERBACK', 'en', 2020, 'NEW', 100000, 150000, 200000, TRUE, TRUE, TRUE, TRUE) ON CONFLICT DO NOTHING;
INSERT INTO stock_balances (id, warehouse_id, variant_id, location_id, on_hand_qty, available_qty, reserved_qty, borrowed_qty, damaged_qty, in_transit_qty, safety_stock_qty, reorder_point, status, version, last_movement_at) VALUES ('1ea4d2e5-d18f-454f-92a3-bddb164c2ec8', '00000000-0000-0000-0000-000000000561', '00000000-0000-0000-0000-000000000900', 'f1e42190-7a65-46a7-80d4-87fbc53d61cb', 10, 10, 0, 0, 0, 0, 2, 5, 'AVAILABLE', 1, NOW()) ON CONFLICT DO NOTHING;
INSERT INTO stock_balances (id, warehouse_id, variant_id, location_id, on_hand_qty, available_qty, reserved_qty, borrowed_qty, damaged_qty, in_transit_qty, safety_stock_qty, reorder_point, status, version, last_movement_at) VALUES ('57e962da-4e3d-4218-b379-758d3942d85e', '00000000-0000-0000-0000-000000000461', '00000000-0000-0000-0000-000000000900', '00000000-0000-0000-0000-000000000472', 10, 10, 0, 0, 0, 0, 2, 5, 'AVAILABLE', 1, NOW()) ON CONFLICT DO NOTHING;
INSERT INTO stock_balances (id, warehouse_id, variant_id, location_id, on_hand_qty, available_qty, reserved_qty, borrowed_qty, damaged_qty, in_transit_qty, safety_stock_qty, reorder_point, status, version, last_movement_at) VALUES ('0c57aa81-ab8e-4415-9996-26eaafda2ca3', '00000000-0000-0000-0000-000000000562', '00000000-0000-0000-0000-000000000900', '211339a3-4933-45ec-8d2f-d4a56e28f98c', 10, 10, 0, 0, 0, 0, 2, 5, 'AVAILABLE', 1, NOW()) ON CONFLICT DO NOTHING;
INSERT INTO books (id, book_code, title, description, publisher_id, edition, published_date, page_count, country_of_origin, default_language, is_active) VALUES ('00000000-0000-0000-0000-000000000801', 'BOOK-EXT-001', 'Design Patterns','Extended description for Design Patterns', '00000000-0000-0000-0000-000000000402', '1st', '2021-01-01', 310, 'USA', 'en', TRUE) ON CONFLICT DO NOTHING;
INSERT INTO book_authors (book_id, author_id, author_order) VALUES ('00000000-0000-0000-0000-000000000801', '00000000-0000-0000-0000-000000000413', 1) ON CONFLICT DO NOTHING;
INSERT INTO book_categories (book_id, category_id) VALUES ('00000000-0000-0000-0000-000000000801', '00000000-0000-0000-0000-000000000423') ON CONFLICT DO NOTHING;
INSERT INTO book_variants (id, book_id, sku, isbn13, internal_barcode, cover_type, language_code, publish_year, condition_grade, unit_cost, list_price, replacement_cost, is_borrowable, is_sellable, is_track_by_unit, is_active) VALUES ('00000000-0000-0000-0000-000000000901', '00000000-0000-0000-0000-000000000801', 'SKU-EXT-001', '9780000000001', 'BC-EXT-001', 'PAPERBACK', 'en', 2021, 'NEW', 100000, 150000, 200000, TRUE, TRUE, TRUE, TRUE) ON CONFLICT DO NOTHING;
INSERT INTO stock_balances (id, warehouse_id, variant_id, location_id, on_hand_qty, available_qty, reserved_qty, borrowed_qty, damaged_qty, in_transit_qty, safety_stock_qty, reorder_point, status, version, last_movement_at) VALUES ('76484150-4a07-4e2f-b113-2c12ca60b949', '00000000-0000-0000-0000-000000000561', '00000000-0000-0000-0000-000000000901', 'efd6193c-de37-48e7-b8e1-77675d7c7f91', 10, 10, 0, 0, 0, 0, 2, 5, 'AVAILABLE', 1, NOW()) ON CONFLICT DO NOTHING;
INSERT INTO stock_balances (id, warehouse_id, variant_id, location_id, on_hand_qty, available_qty, reserved_qty, borrowed_qty, damaged_qty, in_transit_qty, safety_stock_qty, reorder_point, status, version, last_movement_at) VALUES ('0077aadd-3aca-4bb3-a1c3-be1a50fc3089', '00000000-0000-0000-0000-000000000562', '00000000-0000-0000-0000-000000000901', 'e1e84ad1-8e41-44d5-81af-3f91068eb5a0', 10, 10, 0, 0, 0, 0, 2, 5, 'AVAILABLE', 1, NOW()) ON CONFLICT DO NOTHING;
INSERT INTO stock_balances (id, warehouse_id, variant_id, location_id, on_hand_qty, available_qty, reserved_qty, borrowed_qty, damaged_qty, in_transit_qty, safety_stock_qty, reorder_point, status, version, last_movement_at) VALUES ('7259aced-5cdd-45f4-8d0e-03b0c4dd4495', '00000000-0000-0000-0000-000000000562', '00000000-0000-0000-0000-000000000901', '211339a3-4933-45ec-8d2f-d4a56e28f98c', 10, 10, 0, 0, 0, 0, 2, 5, 'AVAILABLE', 1, NOW()) ON CONFLICT DO NOTHING;
INSERT INTO books (id, book_code, title, description, publisher_id, edition, published_date, page_count, country_of_origin, default_language, is_active) VALUES ('00000000-0000-0000-0000-000000000802', 'BOOK-EXT-002', 'Refactoring','Extended description for Refactoring', '00000000-0000-0000-0000-000000000402', '1st', '2022-01-01', 320, 'USA', 'en', TRUE) ON CONFLICT DO NOTHING;
INSERT INTO book_authors (book_id, author_id, author_order) VALUES ('00000000-0000-0000-0000-000000000802', '00000000-0000-0000-0000-000000000412', 1) ON CONFLICT DO NOTHING;
INSERT INTO book_categories (book_id, category_id) VALUES ('00000000-0000-0000-0000-000000000802', '00000000-0000-0000-0000-000000000423') ON CONFLICT DO NOTHING;
INSERT INTO book_variants (id, book_id, sku, isbn13, internal_barcode, cover_type, language_code, publish_year, condition_grade, unit_cost, list_price, replacement_cost, is_borrowable, is_sellable, is_track_by_unit, is_active) VALUES ('00000000-0000-0000-0000-000000000902', '00000000-0000-0000-0000-000000000802', 'SKU-EXT-002', '9780000000002', 'BC-EXT-002', 'PAPERBACK', 'en', 2022, 'NEW', 100000, 150000, 200000, TRUE, TRUE, TRUE, TRUE) ON CONFLICT DO NOTHING;
INSERT INTO stock_balances (id, warehouse_id, variant_id, location_id, on_hand_qty, available_qty, reserved_qty, borrowed_qty, damaged_qty, in_transit_qty, safety_stock_qty, reorder_point, status, version, last_movement_at) VALUES ('e1cc2aed-23d3-407a-821f-8f6295a7bb54', '00000000-0000-0000-0000-000000000562', '00000000-0000-0000-0000-000000000902', '211339a3-4933-45ec-8d2f-d4a56e28f98c', 10, 10, 0, 0, 0, 0, 2, 5, 'AVAILABLE', 1, NOW()) ON CONFLICT DO NOTHING;
INSERT INTO stock_balances (id, warehouse_id, variant_id, location_id, on_hand_qty, available_qty, reserved_qty, borrowed_qty, damaged_qty, in_transit_qty, safety_stock_qty, reorder_point, status, version, last_movement_at) VALUES ('5d4e5ad3-8189-4dad-98b2-150a61ca994e', '00000000-0000-0000-0000-000000000461', '00000000-0000-0000-0000-000000000902', '00000000-0000-0000-0000-000000000472', 10, 10, 0, 0, 0, 0, 2, 5, 'AVAILABLE', 1, NOW()) ON CONFLICT DO NOTHING;
INSERT INTO stock_balances (id, warehouse_id, variant_id, location_id, on_hand_qty, available_qty, reserved_qty, borrowed_qty, damaged_qty, in_transit_qty, safety_stock_qty, reorder_point, status, version, last_movement_at) VALUES ('e9802550-f124-4ac9-a7e6-442fde815cc1', '00000000-0000-0000-0000-000000000560', '00000000-0000-0000-0000-000000000902', 'c2789e7e-61ae-4bbd-b086-b05954066b5b', 10, 10, 0, 0, 0, 0, 2, 5, 'AVAILABLE', 1, NOW()) ON CONFLICT DO NOTHING;
INSERT INTO books (id, book_code, title, description, publisher_id, edition, published_date, page_count, country_of_origin, default_language, is_active) VALUES ('00000000-0000-0000-0000-000000000803', 'BOOK-EXT-003', 'Clean Architecture','Extended description for Clean Architecture', '00000000-0000-0000-0000-000000000401', '1st', '2023-01-01', 330, 'USA', 'en', TRUE) ON CONFLICT DO NOTHING;
INSERT INTO book_authors (book_id, author_id, author_order) VALUES ('00000000-0000-0000-0000-000000000803', '00000000-0000-0000-0000-000000000411', 1) ON CONFLICT DO NOTHING;
INSERT INTO book_categories (book_id, category_id) VALUES ('00000000-0000-0000-0000-000000000803', '00000000-0000-0000-0000-000000000423') ON CONFLICT DO NOTHING;
INSERT INTO book_variants (id, book_id, sku, isbn13, internal_barcode, cover_type, language_code, publish_year, condition_grade, unit_cost, list_price, replacement_cost, is_borrowable, is_sellable, is_track_by_unit, is_active) VALUES ('00000000-0000-0000-0000-000000000903', '00000000-0000-0000-0000-000000000803', 'SKU-EXT-003', '9780000000003', 'BC-EXT-003', 'PAPERBACK', 'en', 2023, 'NEW', 100000, 150000, 200000, TRUE, TRUE, TRUE, TRUE) ON CONFLICT DO NOTHING;
INSERT INTO stock_balances (id, warehouse_id, variant_id, location_id, on_hand_qty, available_qty, reserved_qty, borrowed_qty, damaged_qty, in_transit_qty, safety_stock_qty, reorder_point, status, version, last_movement_at) VALUES ('2a4a6651-3bbd-495e-80cb-f4de2842db02', '00000000-0000-0000-0000-000000000561', '00000000-0000-0000-0000-000000000903', 'f1e42190-7a65-46a7-80d4-87fbc53d61cb', 10, 10, 0, 0, 0, 0, 2, 5, 'AVAILABLE', 1, NOW()) ON CONFLICT DO NOTHING;
INSERT INTO stock_balances (id, warehouse_id, variant_id, location_id, on_hand_qty, available_qty, reserved_qty, borrowed_qty, damaged_qty, in_transit_qty, safety_stock_qty, reorder_point, status, version, last_movement_at) VALUES ('b556490a-7d22-4bda-a520-2a2542971755', '00000000-0000-0000-0000-000000000561', '00000000-0000-0000-0000-000000000903', 'efd6193c-de37-48e7-b8e1-77675d7c7f91', 10, 10, 0, 0, 0, 0, 2, 5, 'AVAILABLE', 1, NOW()) ON CONFLICT DO NOTHING;
INSERT INTO stock_balances (id, warehouse_id, variant_id, location_id, on_hand_qty, available_qty, reserved_qty, borrowed_qty, damaged_qty, in_transit_qty, safety_stock_qty, reorder_point, status, version, last_movement_at) VALUES ('8fcc5f8e-5393-4b50-92a4-962cb4256cd7', '00000000-0000-0000-0000-000000000562', '00000000-0000-0000-0000-000000000903', 'fa4eca3a-0db2-47dd-a84a-9574b45bc710', 10, 10, 0, 0, 0, 0, 2, 5, 'AVAILABLE', 1, NOW()) ON CONFLICT DO NOTHING;
INSERT INTO books (id, book_code, title, description, publisher_id, edition, published_date, page_count, country_of_origin, default_language, is_active) VALUES ('00000000-0000-0000-0000-000000000804', 'BOOK-EXT-004', 'Domain-Driven Design','Extended description for Domain-Driven Design', '00000000-0000-0000-0000-000000000401', '1st', '2024-01-01', 340, 'USA', 'en', TRUE) ON CONFLICT DO NOTHING;
INSERT INTO book_authors (book_id, author_id, author_order) VALUES ('00000000-0000-0000-0000-000000000804', '00000000-0000-0000-0000-000000000413', 1) ON CONFLICT DO NOTHING;
INSERT INTO book_categories (book_id, category_id) VALUES ('00000000-0000-0000-0000-000000000804', '00000000-0000-0000-0000-000000000422') ON CONFLICT DO NOTHING;
INSERT INTO book_variants (id, book_id, sku, isbn13, internal_barcode, cover_type, language_code, publish_year, condition_grade, unit_cost, list_price, replacement_cost, is_borrowable, is_sellable, is_track_by_unit, is_active) VALUES ('00000000-0000-0000-0000-000000000904', '00000000-0000-0000-0000-000000000804', 'SKU-EXT-004', '9780000000004', 'BC-EXT-004', 'PAPERBACK', 'en', 2024, 'NEW', 100000, 150000, 200000, TRUE, TRUE, TRUE, TRUE) ON CONFLICT DO NOTHING;
INSERT INTO stock_balances (id, warehouse_id, variant_id, location_id, on_hand_qty, available_qty, reserved_qty, borrowed_qty, damaged_qty, in_transit_qty, safety_stock_qty, reorder_point, status, version, last_movement_at) VALUES ('6e642ced-162f-402d-9f91-bd39dedc18d0', '00000000-0000-0000-0000-000000000461', '00000000-0000-0000-0000-000000000904', '00000000-0000-0000-0000-000000000472', 10, 10, 0, 0, 0, 0, 2, 5, 'AVAILABLE', 1, NOW()) ON CONFLICT DO NOTHING;
INSERT INTO stock_balances (id, warehouse_id, variant_id, location_id, on_hand_qty, available_qty, reserved_qty, borrowed_qty, damaged_qty, in_transit_qty, safety_stock_qty, reorder_point, status, version, last_movement_at) VALUES ('41c043ff-2bad-4b3b-bbab-5dce92733da5', '00000000-0000-0000-0000-000000000561', '00000000-0000-0000-0000-000000000904', 'efd6193c-de37-48e7-b8e1-77675d7c7f91', 10, 10, 0, 0, 0, 0, 2, 5, 'AVAILABLE', 1, NOW()) ON CONFLICT DO NOTHING;
INSERT INTO stock_balances (id, warehouse_id, variant_id, location_id, on_hand_qty, available_qty, reserved_qty, borrowed_qty, damaged_qty, in_transit_qty, safety_stock_qty, reorder_point, status, version, last_movement_at) VALUES ('1ee49a86-aede-483b-8158-6d55e03cdd8c', '00000000-0000-0000-0000-000000000560', '00000000-0000-0000-0000-000000000904', 'b81f781d-6a9e-4b55-8f91-6fcdaee0a8d1', 10, 10, 0, 0, 0, 0, 2, 5, 'AVAILABLE', 1, NOW()) ON CONFLICT DO NOTHING;
INSERT INTO books (id, book_code, title, description, publisher_id, edition, published_date, page_count, country_of_origin, default_language, is_active) VALUES ('00000000-0000-0000-0000-000000000805', 'BOOK-EXT-005', 'Designing Data-Intensive Applications','Extended description for Designing Data-Intensive Applications', '00000000-0000-0000-0000-000000000401', '1st', '2020-01-01', 350, 'USA', 'en', TRUE) ON CONFLICT DO NOTHING;
INSERT INTO book_authors (book_id, author_id, author_order) VALUES ('00000000-0000-0000-0000-000000000805', '00000000-0000-0000-0000-000000000412', 1) ON CONFLICT DO NOTHING;
INSERT INTO book_categories (book_id, category_id) VALUES ('00000000-0000-0000-0000-000000000805', '00000000-0000-0000-0000-000000000421') ON CONFLICT DO NOTHING;
INSERT INTO book_variants (id, book_id, sku, isbn13, internal_barcode, cover_type, language_code, publish_year, condition_grade, unit_cost, list_price, replacement_cost, is_borrowable, is_sellable, is_track_by_unit, is_active) VALUES ('00000000-0000-0000-0000-000000000905', '00000000-0000-0000-0000-000000000805', 'SKU-EXT-005', '9780000000005', 'BC-EXT-005', 'PAPERBACK', 'en', 2020, 'NEW', 100000, 150000, 200000, TRUE, TRUE, TRUE, TRUE) ON CONFLICT DO NOTHING;
INSERT INTO stock_balances (id, warehouse_id, variant_id, location_id, on_hand_qty, available_qty, reserved_qty, borrowed_qty, damaged_qty, in_transit_qty, safety_stock_qty, reorder_point, status, version, last_movement_at) VALUES ('f49f4568-a30f-4ddc-8128-0a2e4fc939ce', '00000000-0000-0000-0000-000000000562', '00000000-0000-0000-0000-000000000905', '211339a3-4933-45ec-8d2f-d4a56e28f98c', 10, 10, 0, 0, 0, 0, 2, 5, 'AVAILABLE', 1, NOW()) ON CONFLICT DO NOTHING;
INSERT INTO stock_balances (id, warehouse_id, variant_id, location_id, on_hand_qty, available_qty, reserved_qty, borrowed_qty, damaged_qty, in_transit_qty, safety_stock_qty, reorder_point, status, version, last_movement_at) VALUES ('00068ac8-ddb6-4654-9a68-f0b4fc36f3ce', '00000000-0000-0000-0000-000000000561', '00000000-0000-0000-0000-000000000905', 'ad5d1615-055e-47a7-ad7d-da1db097a38a', 10, 10, 0, 0, 0, 0, 2, 5, 'AVAILABLE', 1, NOW()) ON CONFLICT DO NOTHING;
INSERT INTO stock_balances (id, warehouse_id, variant_id, location_id, on_hand_qty, available_qty, reserved_qty, borrowed_qty, damaged_qty, in_transit_qty, safety_stock_qty, reorder_point, status, version, last_movement_at) VALUES ('3109b8de-b591-49b9-b568-0754d3e5c07c', '00000000-0000-0000-0000-000000000560', '00000000-0000-0000-0000-000000000905', 'c2789e7e-61ae-4bbd-b086-b05954066b5b', 10, 10, 0, 0, 0, 0, 2, 5, 'AVAILABLE', 1, NOW()) ON CONFLICT DO NOTHING;
INSERT INTO books (id, book_code, title, description, publisher_id, edition, published_date, page_count, country_of_origin, default_language, is_active) VALUES ('00000000-0000-0000-0000-000000000806', 'BOOK-EXT-006', 'The Pragmatic Programmer','Extended description for The Pragmatic Programmer', '00000000-0000-0000-0000-000000000401', '1st', '2021-01-01', 360, 'USA', 'en', TRUE) ON CONFLICT DO NOTHING;
INSERT INTO book_authors (book_id, author_id, author_order) VALUES ('00000000-0000-0000-0000-000000000806', '00000000-0000-0000-0000-000000000412', 1) ON CONFLICT DO NOTHING;
INSERT INTO book_categories (book_id, category_id) VALUES ('00000000-0000-0000-0000-000000000806', '00000000-0000-0000-0000-000000000421') ON CONFLICT DO NOTHING;
INSERT INTO book_variants (id, book_id, sku, isbn13, internal_barcode, cover_type, language_code, publish_year, condition_grade, unit_cost, list_price, replacement_cost, is_borrowable, is_sellable, is_track_by_unit, is_active) VALUES ('00000000-0000-0000-0000-000000000906', '00000000-0000-0000-0000-000000000806', 'SKU-EXT-006', '9780000000006', 'BC-EXT-006', 'PAPERBACK', 'en', 2021, 'NEW', 100000, 150000, 200000, TRUE, TRUE, TRUE, TRUE) ON CONFLICT DO NOTHING;
INSERT INTO stock_balances (id, warehouse_id, variant_id, location_id, on_hand_qty, available_qty, reserved_qty, borrowed_qty, damaged_qty, in_transit_qty, safety_stock_qty, reorder_point, status, version, last_movement_at) VALUES ('43820f68-6a81-4ded-9ec6-aefea08b9746', '00000000-0000-0000-0000-000000000461', '00000000-0000-0000-0000-000000000906', '00000000-0000-0000-0000-000000000472', 10, 10, 0, 0, 0, 0, 2, 5, 'AVAILABLE', 1, NOW()) ON CONFLICT DO NOTHING;
INSERT INTO stock_balances (id, warehouse_id, variant_id, location_id, on_hand_qty, available_qty, reserved_qty, borrowed_qty, damaged_qty, in_transit_qty, safety_stock_qty, reorder_point, status, version, last_movement_at) VALUES ('7676024f-88d9-496a-8de2-4c7e128638fe', '00000000-0000-0000-0000-000000000562', '00000000-0000-0000-0000-000000000906', '211339a3-4933-45ec-8d2f-d4a56e28f98c', 10, 10, 0, 0, 0, 0, 2, 5, 'AVAILABLE', 1, NOW()) ON CONFLICT DO NOTHING;
INSERT INTO stock_balances (id, warehouse_id, variant_id, location_id, on_hand_qty, available_qty, reserved_qty, borrowed_qty, damaged_qty, in_transit_qty, safety_stock_qty, reorder_point, status, version, last_movement_at) VALUES ('3734f936-bae1-4188-97cc-eeb7fe0af3f7', '00000000-0000-0000-0000-000000000561', '00000000-0000-0000-0000-000000000906', 'ad5d1615-055e-47a7-ad7d-da1db097a38a', 10, 10, 0, 0, 0, 0, 2, 5, 'AVAILABLE', 1, NOW()) ON CONFLICT DO NOTHING;
INSERT INTO books (id, book_code, title, description, publisher_id, edition, published_date, page_count, country_of_origin, default_language, is_active) VALUES ('00000000-0000-0000-0000-000000000807', 'BOOK-EXT-007', 'Introduction to Algorithms','Extended description for Introduction to Algorithms', '00000000-0000-0000-0000-000000000402', '1st', '2022-01-01', 370, 'USA', 'en', TRUE) ON CONFLICT DO NOTHING;
INSERT INTO book_authors (book_id, author_id, author_order) VALUES ('00000000-0000-0000-0000-000000000807', '00000000-0000-0000-0000-000000000413', 1) ON CONFLICT DO NOTHING;
INSERT INTO book_categories (book_id, category_id) VALUES ('00000000-0000-0000-0000-000000000807', '00000000-0000-0000-0000-000000000423') ON CONFLICT DO NOTHING;
INSERT INTO book_variants (id, book_id, sku, isbn13, internal_barcode, cover_type, language_code, publish_year, condition_grade, unit_cost, list_price, replacement_cost, is_borrowable, is_sellable, is_track_by_unit, is_active) VALUES ('00000000-0000-0000-0000-000000000907', '00000000-0000-0000-0000-000000000807', 'SKU-EXT-007', '9780000000007', 'BC-EXT-007', 'PAPERBACK', 'en', 2022, 'NEW', 100000, 150000, 200000, TRUE, TRUE, TRUE, TRUE) ON CONFLICT DO NOTHING;
INSERT INTO stock_balances (id, warehouse_id, variant_id, location_id, on_hand_qty, available_qty, reserved_qty, borrowed_qty, damaged_qty, in_transit_qty, safety_stock_qty, reorder_point, status, version, last_movement_at) VALUES ('437c7872-4ca0-48ff-b72b-1bc7cf28d9cd', '00000000-0000-0000-0000-000000000560', '00000000-0000-0000-0000-000000000907', 'b81f781d-6a9e-4b55-8f91-6fcdaee0a8d1', 10, 10, 0, 0, 0, 0, 2, 5, 'AVAILABLE', 1, NOW()) ON CONFLICT DO NOTHING;
INSERT INTO stock_balances (id, warehouse_id, variant_id, location_id, on_hand_qty, available_qty, reserved_qty, borrowed_qty, damaged_qty, in_transit_qty, safety_stock_qty, reorder_point, status, version, last_movement_at) VALUES ('5c93e166-764e-40a5-bd9d-dadeb9e0efe4', '00000000-0000-0000-0000-000000000560', '00000000-0000-0000-0000-000000000907', '2b2e2b82-11fa-445d-ae15-109707356294', 10, 10, 0, 0, 0, 0, 2, 5, 'AVAILABLE', 1, NOW()) ON CONFLICT DO NOTHING;
INSERT INTO stock_balances (id, warehouse_id, variant_id, location_id, on_hand_qty, available_qty, reserved_qty, borrowed_qty, damaged_qty, in_transit_qty, safety_stock_qty, reorder_point, status, version, last_movement_at) VALUES ('ede23d1e-c0d6-4673-99eb-111503fa2a2f', '00000000-0000-0000-0000-000000000561', '00000000-0000-0000-0000-000000000907', 'ad5d1615-055e-47a7-ad7d-da1db097a38a', 10, 10, 0, 0, 0, 0, 2, 5, 'AVAILABLE', 1, NOW()) ON CONFLICT DO NOTHING;
INSERT INTO books (id, book_code, title, description, publisher_id, edition, published_date, page_count, country_of_origin, default_language, is_active) VALUES ('00000000-0000-0000-0000-000000000808', 'BOOK-EXT-008', 'Deep Learning','Extended description for Deep Learning', '00000000-0000-0000-0000-000000000402', '1st', '2023-01-01', 380, 'USA', 'en', TRUE) ON CONFLICT DO NOTHING;
INSERT INTO book_authors (book_id, author_id, author_order) VALUES ('00000000-0000-0000-0000-000000000808', '00000000-0000-0000-0000-000000000411', 1) ON CONFLICT DO NOTHING;
INSERT INTO book_categories (book_id, category_id) VALUES ('00000000-0000-0000-0000-000000000808', '00000000-0000-0000-0000-000000000422') ON CONFLICT DO NOTHING;
INSERT INTO book_variants (id, book_id, sku, isbn13, internal_barcode, cover_type, language_code, publish_year, condition_grade, unit_cost, list_price, replacement_cost, is_borrowable, is_sellable, is_track_by_unit, is_active) VALUES ('00000000-0000-0000-0000-000000000908', '00000000-0000-0000-0000-000000000808', 'SKU-EXT-008', '9780000000008', 'BC-EXT-008', 'PAPERBACK', 'en', 2023, 'NEW', 100000, 150000, 200000, TRUE, TRUE, TRUE, TRUE) ON CONFLICT DO NOTHING;
INSERT INTO stock_balances (id, warehouse_id, variant_id, location_id, on_hand_qty, available_qty, reserved_qty, borrowed_qty, damaged_qty, in_transit_qty, safety_stock_qty, reorder_point, status, version, last_movement_at) VALUES ('72f615f9-3906-4e8d-b921-364e7213d116', '00000000-0000-0000-0000-000000000561', '00000000-0000-0000-0000-000000000908', 'efd6193c-de37-48e7-b8e1-77675d7c7f91', 10, 10, 0, 0, 0, 0, 2, 5, 'AVAILABLE', 1, NOW()) ON CONFLICT DO NOTHING;
INSERT INTO stock_balances (id, warehouse_id, variant_id, location_id, on_hand_qty, available_qty, reserved_qty, borrowed_qty, damaged_qty, in_transit_qty, safety_stock_qty, reorder_point, status, version, last_movement_at) VALUES ('c6b187d2-a13b-4068-824b-f5501f8fd57f', '00000000-0000-0000-0000-000000000562', '00000000-0000-0000-0000-000000000908', '211339a3-4933-45ec-8d2f-d4a56e28f98c', 10, 10, 0, 0, 0, 0, 2, 5, 'AVAILABLE', 1, NOW()) ON CONFLICT DO NOTHING;
INSERT INTO stock_balances (id, warehouse_id, variant_id, location_id, on_hand_qty, available_qty, reserved_qty, borrowed_qty, damaged_qty, in_transit_qty, safety_stock_qty, reorder_point, status, version, last_movement_at) VALUES ('02d855c2-f528-4ec9-8ae4-910bb41c1f27', '00000000-0000-0000-0000-000000000561', '00000000-0000-0000-0000-000000000908', 'ad5d1615-055e-47a7-ad7d-da1db097a38a', 10, 10, 0, 0, 0, 0, 2, 5, 'AVAILABLE', 1, NOW()) ON CONFLICT DO NOTHING;
INSERT INTO books (id, book_code, title, description, publisher_id, edition, published_date, page_count, country_of_origin, default_language, is_active) VALUES ('00000000-0000-0000-0000-000000000809', 'BOOK-EXT-009', 'Pattern Recognition and Machine Learning','Extended description for Pattern Recognition and Machine Learning', '00000000-0000-0000-0000-000000000402', '1st', '2024-01-01', 390, 'USA', 'en', TRUE) ON CONFLICT DO NOTHING;
INSERT INTO book_authors (book_id, author_id, author_order) VALUES ('00000000-0000-0000-0000-000000000809', '00000000-0000-0000-0000-000000000413', 1) ON CONFLICT DO NOTHING;
INSERT INTO book_categories (book_id, category_id) VALUES ('00000000-0000-0000-0000-000000000809', '00000000-0000-0000-0000-000000000423') ON CONFLICT DO NOTHING;
INSERT INTO book_variants (id, book_id, sku, isbn13, internal_barcode, cover_type, language_code, publish_year, condition_grade, unit_cost, list_price, replacement_cost, is_borrowable, is_sellable, is_track_by_unit, is_active) VALUES ('00000000-0000-0000-0000-000000000909', '00000000-0000-0000-0000-000000000809', 'SKU-EXT-009', '9780000000009', 'BC-EXT-009', 'PAPERBACK', 'en', 2024, 'NEW', 100000, 150000, 200000, TRUE, TRUE, TRUE, TRUE) ON CONFLICT DO NOTHING;
INSERT INTO stock_balances (id, warehouse_id, variant_id, location_id, on_hand_qty, available_qty, reserved_qty, borrowed_qty, damaged_qty, in_transit_qty, safety_stock_qty, reorder_point, status, version, last_movement_at) VALUES ('02228e8c-e025-44df-bfcd-380d5a994fb8', '00000000-0000-0000-0000-000000000462', '00000000-0000-0000-0000-000000000909', '00000000-0000-0000-0000-000000000475', 10, 10, 0, 0, 0, 0, 2, 5, 'AVAILABLE', 1, NOW()) ON CONFLICT DO NOTHING;
INSERT INTO stock_balances (id, warehouse_id, variant_id, location_id, on_hand_qty, available_qty, reserved_qty, borrowed_qty, damaged_qty, in_transit_qty, safety_stock_qty, reorder_point, status, version, last_movement_at) VALUES ('82026afc-cc0b-462e-ae35-f3c7d1aba3f4', '00000000-0000-0000-0000-000000000560', '00000000-0000-0000-0000-000000000909', 'b81f781d-6a9e-4b55-8f91-6fcdaee0a8d1', 10, 10, 0, 0, 0, 0, 2, 5, 'AVAILABLE', 1, NOW()) ON CONFLICT DO NOTHING;
INSERT INTO stock_balances (id, warehouse_id, variant_id, location_id, on_hand_qty, available_qty, reserved_qty, borrowed_qty, damaged_qty, in_transit_qty, safety_stock_qty, reorder_point, status, version, last_movement_at) VALUES ('d71e22f5-8a25-4eeb-8c92-366902223b4a', '00000000-0000-0000-0000-000000000562', '00000000-0000-0000-0000-000000000909', 'fa4eca3a-0db2-47dd-a84a-9574b45bc710', 10, 10, 0, 0, 0, 0, 2, 5, 'AVAILABLE', 1, NOW()) ON CONFLICT DO NOTHING;
INSERT INTO books (id, book_code, title, description, publisher_id, edition, published_date, page_count, country_of_origin, default_language, is_active) VALUES ('00000000-0000-0000-0000-000000000810', 'BOOK-EXT-010', 'Artificial Intelligence: A Modern Approach','Extended description for Artificial Intelligence: A Modern Approach', '00000000-0000-0000-0000-000000000402', '1st', '2020-01-01', 400, 'USA', 'en', TRUE) ON CONFLICT DO NOTHING;
INSERT INTO book_authors (book_id, author_id, author_order) VALUES ('00000000-0000-0000-0000-000000000810', '00000000-0000-0000-0000-000000000412', 1) ON CONFLICT DO NOTHING;
INSERT INTO book_categories (book_id, category_id) VALUES ('00000000-0000-0000-0000-000000000810', '00000000-0000-0000-0000-000000000421') ON CONFLICT DO NOTHING;
INSERT INTO book_variants (id, book_id, sku, isbn13, internal_barcode, cover_type, language_code, publish_year, condition_grade, unit_cost, list_price, replacement_cost, is_borrowable, is_sellable, is_track_by_unit, is_active) VALUES ('00000000-0000-0000-0000-000000000910', '00000000-0000-0000-0000-000000000810', 'SKU-EXT-010', '9780000000010', 'BC-EXT-010', 'PAPERBACK', 'en', 2020, 'NEW', 100000, 150000, 200000, TRUE, TRUE, TRUE, TRUE) ON CONFLICT DO NOTHING;
INSERT INTO stock_balances (id, warehouse_id, variant_id, location_id, on_hand_qty, available_qty, reserved_qty, borrowed_qty, damaged_qty, in_transit_qty, safety_stock_qty, reorder_point, status, version, last_movement_at) VALUES ('396ae2c8-7ec9-4a50-a861-8e5b60dfa82c', '00000000-0000-0000-0000-000000000561', '00000000-0000-0000-0000-000000000910', 'efd6193c-de37-48e7-b8e1-77675d7c7f91', 10, 10, 0, 0, 0, 0, 2, 5, 'AVAILABLE', 1, NOW()) ON CONFLICT DO NOTHING;
INSERT INTO stock_balances (id, warehouse_id, variant_id, location_id, on_hand_qty, available_qty, reserved_qty, borrowed_qty, damaged_qty, in_transit_qty, safety_stock_qty, reorder_point, status, version, last_movement_at) VALUES ('3f372d7e-d809-47a5-af42-b5f138847dfb', '00000000-0000-0000-0000-000000000560', '00000000-0000-0000-0000-000000000910', '2b2e2b82-11fa-445d-ae15-109707356294', 10, 10, 0, 0, 0, 0, 2, 5, 'AVAILABLE', 1, NOW()) ON CONFLICT DO NOTHING;
INSERT INTO stock_balances (id, warehouse_id, variant_id, location_id, on_hand_qty, available_qty, reserved_qty, borrowed_qty, damaged_qty, in_transit_qty, safety_stock_qty, reorder_point, status, version, last_movement_at) VALUES ('703473bc-75c1-4a4c-ba3e-81cb8aadceae', '00000000-0000-0000-0000-000000000562', '00000000-0000-0000-0000-000000000910', '211339a3-4933-45ec-8d2f-d4a56e28f98c', 10, 10, 0, 0, 0, 0, 2, 5, 'AVAILABLE', 1, NOW()) ON CONFLICT DO NOTHING;
INSERT INTO books (id, book_code, title, description, publisher_id, edition, published_date, page_count, country_of_origin, default_language, is_active) VALUES ('00000000-0000-0000-0000-000000000811', 'BOOK-EXT-011', 'Grokking Algorithms','Extended description for Grokking Algorithms', '00000000-0000-0000-0000-000000000401', '1st', '2021-01-01', 410, 'USA', 'en', TRUE) ON CONFLICT DO NOTHING;
INSERT INTO book_authors (book_id, author_id, author_order) VALUES ('00000000-0000-0000-0000-000000000811', '00000000-0000-0000-0000-000000000413', 1) ON CONFLICT DO NOTHING;
INSERT INTO book_categories (book_id, category_id) VALUES ('00000000-0000-0000-0000-000000000811', '00000000-0000-0000-0000-000000000423') ON CONFLICT DO NOTHING;
INSERT INTO book_variants (id, book_id, sku, isbn13, internal_barcode, cover_type, language_code, publish_year, condition_grade, unit_cost, list_price, replacement_cost, is_borrowable, is_sellable, is_track_by_unit, is_active) VALUES ('00000000-0000-0000-0000-000000000911', '00000000-0000-0000-0000-000000000811', 'SKU-EXT-011', '9780000000011', 'BC-EXT-011', 'PAPERBACK', 'en', 2021, 'NEW', 100000, 150000, 200000, TRUE, TRUE, TRUE, TRUE) ON CONFLICT DO NOTHING;
INSERT INTO stock_balances (id, warehouse_id, variant_id, location_id, on_hand_qty, available_qty, reserved_qty, borrowed_qty, damaged_qty, in_transit_qty, safety_stock_qty, reorder_point, status, version, last_movement_at) VALUES ('a8e27612-386b-4d8f-b27c-48880ab46938', '00000000-0000-0000-0000-000000000560', '00000000-0000-0000-0000-000000000911', 'b81f781d-6a9e-4b55-8f91-6fcdaee0a8d1', 10, 10, 0, 0, 0, 0, 2, 5, 'AVAILABLE', 1, NOW()) ON CONFLICT DO NOTHING;
INSERT INTO stock_balances (id, warehouse_id, variant_id, location_id, on_hand_qty, available_qty, reserved_qty, borrowed_qty, damaged_qty, in_transit_qty, safety_stock_qty, reorder_point, status, version, last_movement_at) VALUES ('5e0a865c-990e-4e55-bfaa-634cf7be1e6a', '00000000-0000-0000-0000-000000000560', '00000000-0000-0000-0000-000000000911', 'c2789e7e-61ae-4bbd-b086-b05954066b5b', 10, 10, 0, 0, 0, 0, 2, 5, 'AVAILABLE', 1, NOW()) ON CONFLICT DO NOTHING;
INSERT INTO stock_balances (id, warehouse_id, variant_id, location_id, on_hand_qty, available_qty, reserved_qty, borrowed_qty, damaged_qty, in_transit_qty, safety_stock_qty, reorder_point, status, version, last_movement_at) VALUES ('ee9f4b88-553f-4422-af7d-f2f1c1bac779', '00000000-0000-0000-0000-000000000462', '00000000-0000-0000-0000-000000000911', '00000000-0000-0000-0000-000000000475', 10, 10, 0, 0, 0, 0, 2, 5, 'AVAILABLE', 1, NOW()) ON CONFLICT DO NOTHING;
INSERT INTO books (id, book_code, title, description, publisher_id, edition, published_date, page_count, country_of_origin, default_language, is_active) VALUES ('00000000-0000-0000-0000-000000000812', 'BOOK-EXT-012', 'Site Reliability Engineering','Extended description for Site Reliability Engineering', '00000000-0000-0000-0000-000000000402', '1st', '2022-01-01', 420, 'USA', 'en', TRUE) ON CONFLICT DO NOTHING;
INSERT INTO book_authors (book_id, author_id, author_order) VALUES ('00000000-0000-0000-0000-000000000812', '00000000-0000-0000-0000-000000000411', 1) ON CONFLICT DO NOTHING;
INSERT INTO book_categories (book_id, category_id) VALUES ('00000000-0000-0000-0000-000000000812', '00000000-0000-0000-0000-000000000421') ON CONFLICT DO NOTHING;
INSERT INTO book_variants (id, book_id, sku, isbn13, internal_barcode, cover_type, language_code, publish_year, condition_grade, unit_cost, list_price, replacement_cost, is_borrowable, is_sellable, is_track_by_unit, is_active) VALUES ('00000000-0000-0000-0000-000000000912', '00000000-0000-0000-0000-000000000812', 'SKU-EXT-012', '9780000000012', 'BC-EXT-012', 'PAPERBACK', 'en', 2022, 'NEW', 100000, 150000, 200000, TRUE, TRUE, TRUE, TRUE) ON CONFLICT DO NOTHING;
INSERT INTO stock_balances (id, warehouse_id, variant_id, location_id, on_hand_qty, available_qty, reserved_qty, borrowed_qty, damaged_qty, in_transit_qty, safety_stock_qty, reorder_point, status, version, last_movement_at) VALUES ('ef68fcaa-be88-4c17-8f91-d378ee499a5d', '00000000-0000-0000-0000-000000000461', '00000000-0000-0000-0000-000000000912', '00000000-0000-0000-0000-000000000472', 10, 10, 0, 0, 0, 0, 2, 5, 'AVAILABLE', 1, NOW()) ON CONFLICT DO NOTHING;
INSERT INTO stock_balances (id, warehouse_id, variant_id, location_id, on_hand_qty, available_qty, reserved_qty, borrowed_qty, damaged_qty, in_transit_qty, safety_stock_qty, reorder_point, status, version, last_movement_at) VALUES ('b1aafa0b-d308-4138-af69-36cfa202b6e7', '00000000-0000-0000-0000-000000000560', '00000000-0000-0000-0000-000000000912', 'c2789e7e-61ae-4bbd-b086-b05954066b5b', 10, 10, 0, 0, 0, 0, 2, 5, 'AVAILABLE', 1, NOW()) ON CONFLICT DO NOTHING;
INSERT INTO stock_balances (id, warehouse_id, variant_id, location_id, on_hand_qty, available_qty, reserved_qty, borrowed_qty, damaged_qty, in_transit_qty, safety_stock_qty, reorder_point, status, version, last_movement_at) VALUES ('fbb6b8d5-ad81-4af1-8d9e-3c7d58fe7d19', '00000000-0000-0000-0000-000000000561', '00000000-0000-0000-0000-000000000912', 'ad5d1615-055e-47a7-ad7d-da1db097a38a', 10, 10, 0, 0, 0, 0, 2, 5, 'AVAILABLE', 1, NOW()) ON CONFLICT DO NOTHING;
INSERT INTO books (id, book_code, title, description, publisher_id, edition, published_date, page_count, country_of_origin, default_language, is_active) VALUES ('00000000-0000-0000-0000-000000000813', 'BOOK-EXT-013', 'Building Microservices','Extended description for Building Microservices', '00000000-0000-0000-0000-000000000402', '1st', '2023-01-01', 430, 'USA', 'en', TRUE) ON CONFLICT DO NOTHING;
INSERT INTO book_authors (book_id, author_id, author_order) VALUES ('00000000-0000-0000-0000-000000000813', '00000000-0000-0000-0000-000000000413', 1) ON CONFLICT DO NOTHING;
INSERT INTO book_categories (book_id, category_id) VALUES ('00000000-0000-0000-0000-000000000813', '00000000-0000-0000-0000-000000000422') ON CONFLICT DO NOTHING;
INSERT INTO book_variants (id, book_id, sku, isbn13, internal_barcode, cover_type, language_code, publish_year, condition_grade, unit_cost, list_price, replacement_cost, is_borrowable, is_sellable, is_track_by_unit, is_active) VALUES ('00000000-0000-0000-0000-000000000913', '00000000-0000-0000-0000-000000000813', 'SKU-EXT-013', '9780000000013', 'BC-EXT-013', 'PAPERBACK', 'en', 2023, 'NEW', 100000, 150000, 200000, TRUE, TRUE, TRUE, TRUE) ON CONFLICT DO NOTHING;
INSERT INTO stock_balances (id, warehouse_id, variant_id, location_id, on_hand_qty, available_qty, reserved_qty, borrowed_qty, damaged_qty, in_transit_qty, safety_stock_qty, reorder_point, status, version, last_movement_at) VALUES ('2b28af12-238d-4964-a2dc-8b3e7f1bdca9', '00000000-0000-0000-0000-000000000560', '00000000-0000-0000-0000-000000000913', 'b81f781d-6a9e-4b55-8f91-6fcdaee0a8d1', 10, 10, 0, 0, 0, 0, 2, 5, 'AVAILABLE', 1, NOW()) ON CONFLICT DO NOTHING;
INSERT INTO stock_balances (id, warehouse_id, variant_id, location_id, on_hand_qty, available_qty, reserved_qty, borrowed_qty, damaged_qty, in_transit_qty, safety_stock_qty, reorder_point, status, version, last_movement_at) VALUES ('45b09eb3-8be5-4a64-8dc2-013f3ef2fee1', '00000000-0000-0000-0000-000000000561', '00000000-0000-0000-0000-000000000913', 'ad5d1615-055e-47a7-ad7d-da1db097a38a', 10, 10, 0, 0, 0, 0, 2, 5, 'AVAILABLE', 1, NOW()) ON CONFLICT DO NOTHING;
INSERT INTO stock_balances (id, warehouse_id, variant_id, location_id, on_hand_qty, available_qty, reserved_qty, borrowed_qty, damaged_qty, in_transit_qty, safety_stock_qty, reorder_point, status, version, last_movement_at) VALUES ('85e084b9-2252-4e56-8b29-f9ad45470f67', '00000000-0000-0000-0000-000000000562', '00000000-0000-0000-0000-000000000913', 'fa4eca3a-0db2-47dd-a84a-9574b45bc710', 10, 10, 0, 0, 0, 0, 2, 5, 'AVAILABLE', 1, NOW()) ON CONFLICT DO NOTHING;
INSERT INTO books (id, book_code, title, description, publisher_id, edition, published_date, page_count, country_of_origin, default_language, is_active) VALUES ('00000000-0000-0000-0000-000000000814', 'BOOK-EXT-014', 'Kubernetes Up and Running','Extended description for Kubernetes Up and Running', '00000000-0000-0000-0000-000000000402', '1st', '2024-01-01', 440, 'USA', 'en', TRUE) ON CONFLICT DO NOTHING;
INSERT INTO book_authors (book_id, author_id, author_order) VALUES ('00000000-0000-0000-0000-000000000814', '00000000-0000-0000-0000-000000000411', 1) ON CONFLICT DO NOTHING;
INSERT INTO book_categories (book_id, category_id) VALUES ('00000000-0000-0000-0000-000000000814', '00000000-0000-0000-0000-000000000421') ON CONFLICT DO NOTHING;
INSERT INTO book_variants (id, book_id, sku, isbn13, internal_barcode, cover_type, language_code, publish_year, condition_grade, unit_cost, list_price, replacement_cost, is_borrowable, is_sellable, is_track_by_unit, is_active) VALUES ('00000000-0000-0000-0000-000000000914', '00000000-0000-0000-0000-000000000814', 'SKU-EXT-014', '9780000000014', 'BC-EXT-014', 'PAPERBACK', 'en', 2024, 'NEW', 100000, 150000, 200000, TRUE, TRUE, TRUE, TRUE) ON CONFLICT DO NOTHING;
INSERT INTO stock_balances (id, warehouse_id, variant_id, location_id, on_hand_qty, available_qty, reserved_qty, borrowed_qty, damaged_qty, in_transit_qty, safety_stock_qty, reorder_point, status, version, last_movement_at) VALUES ('c264e06e-5011-4bf8-acff-7a2790d67ea9', '00000000-0000-0000-0000-000000000561', '00000000-0000-0000-0000-000000000914', 'efd6193c-de37-48e7-b8e1-77675d7c7f91', 10, 10, 0, 0, 0, 0, 2, 5, 'AVAILABLE', 1, NOW()) ON CONFLICT DO NOTHING;
INSERT INTO stock_balances (id, warehouse_id, variant_id, location_id, on_hand_qty, available_qty, reserved_qty, borrowed_qty, damaged_qty, in_transit_qty, safety_stock_qty, reorder_point, status, version, last_movement_at) VALUES ('411dbf7d-5f9c-4bd4-b343-e1b0d33e5375', '00000000-0000-0000-0000-000000000560', '00000000-0000-0000-0000-000000000914', '2b2e2b82-11fa-445d-ae15-109707356294', 10, 10, 0, 0, 0, 0, 2, 5, 'AVAILABLE', 1, NOW()) ON CONFLICT DO NOTHING;
INSERT INTO stock_balances (id, warehouse_id, variant_id, location_id, on_hand_qty, available_qty, reserved_qty, borrowed_qty, damaged_qty, in_transit_qty, safety_stock_qty, reorder_point, status, version, last_movement_at) VALUES ('2d0c7aca-bc1d-4eb2-b3bb-7a9ca70b0e87', '00000000-0000-0000-0000-000000000562', '00000000-0000-0000-0000-000000000914', 'e1e84ad1-8e41-44d5-81af-3f91068eb5a0', 10, 10, 0, 0, 0, 0, 2, 5, 'AVAILABLE', 1, NOW()) ON CONFLICT DO NOTHING;
COMMIT;
\connect borrow_db
BEGIN;
INSERT INTO customers (id, customer_code, full_name, email, phone, status, total_fine_balance) VALUES ('00000000-0000-0000-0000-000000000800', 'CUS-EXT-000', 'Vo Anh', 'vo.anh@smartbook.local', '0913000000', 'ACTIVE', 0) ON CONFLICT DO NOTHING;
INSERT INTO customer_memberships (id, customer_id, plan_id, card_number, start_date, end_date, status) VALUES ('00000000-0000-0000-0000-000000000800', '00000000-0000-0000-0000-000000000800', '00000000-0000-0000-0000-000000000711', 'CARD-EXT-000', CURRENT_DATE - INTERVAL '10 day', CURRENT_DATE + INTERVAL '355 day', 'ACTIVE') ON CONFLICT DO NOTHING;
INSERT INTO loan_transactions (id, loan_number, customer_id, warehouse_id, handled_by_user_id, borrow_date, due_date, status, total_items, notes) VALUES ('00000000-0000-0000-0000-000000000900', 'LOAN-EXT-000', '00000000-0000-0000-0000-000000000800', '00000000-0000-0000-0000-000000000561', '00000000-0000-0000-0000-000000000103', NOW() - INTERVAL '0 day', NOW() + INTERVAL '14 day', 'BORROWED', 1, 'Extended seeded loan') ON CONFLICT DO NOTHING;
INSERT INTO loan_items (id, loan_id, variant_id, due_date, status, item_condition_on_checkout) VALUES ('6231c852-d7a2-466b-9981-d4d32d6fe6e4', '00000000-0000-0000-0000-000000000900', '00000000-0000-0000-0000-000000000908', NOW() + INTERVAL '14 day', 'BORROWED', 'GOOD') ON CONFLICT DO NOTHING;
INSERT INTO customers (id, customer_code, full_name, email, phone, status, total_fine_balance) VALUES ('00000000-0000-0000-0000-000000000801', 'CUS-EXT-001', 'Hoang Lan', 'hoang.lan@smartbook.local', '0913000001', 'ACTIVE', 0) ON CONFLICT DO NOTHING;
INSERT INTO customer_memberships (id, customer_id, plan_id, card_number, start_date, end_date, status) VALUES ('00000000-0000-0000-0000-000000000801', '00000000-0000-0000-0000-000000000801', '00000000-0000-0000-0000-000000000711', 'CARD-EXT-001', CURRENT_DATE - INTERVAL '10 day', CURRENT_DATE + INTERVAL '355 day', 'ACTIVE') ON CONFLICT DO NOTHING;
INSERT INTO customers (id, customer_code, full_name, email, phone, status, total_fine_balance) VALUES ('00000000-0000-0000-0000-000000000802', 'CUS-EXT-002', 'Doan Du', 'doan.du@smartbook.local', '0913000002', 'ACTIVE', 0) ON CONFLICT DO NOTHING;
INSERT INTO customer_memberships (id, customer_id, plan_id, card_number, start_date, end_date, status) VALUES ('00000000-0000-0000-0000-000000000802', '00000000-0000-0000-0000-000000000802', '00000000-0000-0000-0000-000000000711', 'CARD-EXT-002', CURRENT_DATE - INTERVAL '10 day', CURRENT_DATE + INTERVAL '355 day', 'ACTIVE') ON CONFLICT DO NOTHING;
INSERT INTO loan_transactions (id, loan_number, customer_id, warehouse_id, handled_by_user_id, borrow_date, due_date, status, total_items, notes) VALUES ('00000000-0000-0000-0000-000000000902', 'LOAN-EXT-002', '00000000-0000-0000-0000-000000000802', '00000000-0000-0000-0000-000000000560', '00000000-0000-0000-0000-000000000103', NOW() - INTERVAL '2 day', NOW() + INTERVAL '12 day', 'BORROWED', 1, 'Extended seeded loan') ON CONFLICT DO NOTHING;
INSERT INTO loan_items (id, loan_id, variant_id, due_date, status, item_condition_on_checkout) VALUES ('0e6f12b7-a0b1-46b5-97db-d04a6b2d3c9e', '00000000-0000-0000-0000-000000000902', '00000000-0000-0000-0000-000000000913', NOW() + INTERVAL '12 day', 'BORROWED', 'GOOD') ON CONFLICT DO NOTHING;
INSERT INTO customers (id, customer_code, full_name, email, phone, status, total_fine_balance) VALUES ('00000000-0000-0000-0000-000000000803', 'CUS-EXT-003', 'Qieu Phong', 'qieu.phong@smartbook.local', '0913000003', 'ACTIVE', 0) ON CONFLICT DO NOTHING;
INSERT INTO customer_memberships (id, customer_id, plan_id, card_number, start_date, end_date, status) VALUES ('00000000-0000-0000-0000-000000000803', '00000000-0000-0000-0000-000000000803', '00000000-0000-0000-0000-000000000711', 'CARD-EXT-003', CURRENT_DATE - INTERVAL '10 day', CURRENT_DATE + INTERVAL '355 day', 'ACTIVE') ON CONFLICT DO NOTHING;
INSERT INTO customers (id, customer_code, full_name, email, phone, status, total_fine_balance) VALUES ('00000000-0000-0000-0000-000000000804', 'CUS-EXT-004', 'Doan P', 'doan.p@smartbook.local', '0913000004', 'ACTIVE', 0) ON CONFLICT DO NOTHING;
INSERT INTO customer_memberships (id, customer_id, plan_id, card_number, start_date, end_date, status) VALUES ('00000000-0000-0000-0000-000000000804', '00000000-0000-0000-0000-000000000804', '00000000-0000-0000-0000-000000000711', 'CARD-EXT-004', CURRENT_DATE - INTERVAL '10 day', CURRENT_DATE + INTERVAL '355 day', 'ACTIVE') ON CONFLICT DO NOTHING;
INSERT INTO loan_transactions (id, loan_number, customer_id, warehouse_id, handled_by_user_id, borrow_date, due_date, status, total_items, notes) VALUES ('00000000-0000-0000-0000-000000000904', 'LOAN-EXT-004', '00000000-0000-0000-0000-000000000804', '00000000-0000-0000-0000-000000000560', '00000000-0000-0000-0000-000000000103', NOW() - INTERVAL '4 day', NOW() + INTERVAL '10 day', 'BORROWED', 1, 'Extended seeded loan') ON CONFLICT DO NOTHING;
INSERT INTO loan_items (id, loan_id, variant_id, due_date, status, item_condition_on_checkout) VALUES ('9c686331-d7e3-4342-bdc7-a415035785b4', '00000000-0000-0000-0000-000000000904', '00000000-0000-0000-0000-000000000910', NOW() + INTERVAL '10 day', 'BORROWED', 'GOOD') ON CONFLICT DO NOTHING;
INSERT INTO customers (id, customer_code, full_name, email, phone, status, total_fine_balance) VALUES ('00000000-0000-0000-0000-000000000805', 'CUS-EXT-005', 'Le Loi', 'le.loi@smartbook.local', '0913000005', 'ACTIVE', 0) ON CONFLICT DO NOTHING;
INSERT INTO customer_memberships (id, customer_id, plan_id, card_number, start_date, end_date, status) VALUES ('00000000-0000-0000-0000-000000000805', '00000000-0000-0000-0000-000000000805', '00000000-0000-0000-0000-000000000711', 'CARD-EXT-005', CURRENT_DATE - INTERVAL '10 day', CURRENT_DATE + INTERVAL '355 day', 'ACTIVE') ON CONFLICT DO NOTHING;
INSERT INTO customers (id, customer_code, full_name, email, phone, status, total_fine_balance) VALUES ('00000000-0000-0000-0000-000000000806', 'CUS-EXT-006', 'Nguyen Trai', 'nguyen.trai@smartbook.local', '0913000006', 'ACTIVE', 0) ON CONFLICT DO NOTHING;
INSERT INTO customer_memberships (id, customer_id, plan_id, card_number, start_date, end_date, status) VALUES ('00000000-0000-0000-0000-000000000806', '00000000-0000-0000-0000-000000000806', '00000000-0000-0000-0000-000000000711', 'CARD-EXT-006', CURRENT_DATE - INTERVAL '10 day', CURRENT_DATE + INTERVAL '355 day', 'ACTIVE') ON CONFLICT DO NOTHING;
INSERT INTO loan_transactions (id, loan_number, customer_id, warehouse_id, handled_by_user_id, borrow_date, due_date, status, total_items, notes) VALUES ('00000000-0000-0000-0000-000000000906', 'LOAN-EXT-006', '00000000-0000-0000-0000-000000000806', '00000000-0000-0000-0000-000000000461', '00000000-0000-0000-0000-000000000103', NOW() - INTERVAL '6 day', NOW() + INTERVAL '8 day', 'BORROWED', 1, 'Extended seeded loan') ON CONFLICT DO NOTHING;
INSERT INTO loan_items (id, loan_id, variant_id, due_date, status, item_condition_on_checkout) VALUES ('4c8b07c4-ceba-4d5d-b6b0-6b4ad7b6b77c', '00000000-0000-0000-0000-000000000906', '00000000-0000-0000-0000-000000000902', NOW() + INTERVAL '8 day', 'BORROWED', 'GOOD') ON CONFLICT DO NOTHING;
INSERT INTO customers (id, customer_code, full_name, email, phone, status, total_fine_balance) VALUES ('00000000-0000-0000-0000-000000000807', 'CUS-EXT-007', 'Tran Hung Dao', 'tran.hung.dao@smartbook.local', '0913000007', 'ACTIVE', 0) ON CONFLICT DO NOTHING;
INSERT INTO customer_memberships (id, customer_id, plan_id, card_number, start_date, end_date, status) VALUES ('00000000-0000-0000-0000-000000000807', '00000000-0000-0000-0000-000000000807', '00000000-0000-0000-0000-000000000711', 'CARD-EXT-007', CURRENT_DATE - INTERVAL '10 day', CURRENT_DATE + INTERVAL '355 day', 'ACTIVE') ON CONFLICT DO NOTHING;
INSERT INTO customers (id, customer_code, full_name, email, phone, status, total_fine_balance) VALUES ('00000000-0000-0000-0000-000000000808', 'CUS-EXT-008', 'Ly Thuong Kiet', 'ly.thuong.kiet@smartbook.local', '0913000008', 'ACTIVE', 0) ON CONFLICT DO NOTHING;
INSERT INTO customer_memberships (id, customer_id, plan_id, card_number, start_date, end_date, status) VALUES ('00000000-0000-0000-0000-000000000808', '00000000-0000-0000-0000-000000000808', '00000000-0000-0000-0000-000000000711', 'CARD-EXT-008', CURRENT_DATE - INTERVAL '10 day', CURRENT_DATE + INTERVAL '355 day', 'ACTIVE') ON CONFLICT DO NOTHING;
INSERT INTO loan_transactions (id, loan_number, customer_id, warehouse_id, handled_by_user_id, borrow_date, due_date, status, total_items, notes) VALUES ('00000000-0000-0000-0000-000000000908', 'LOAN-EXT-008', '00000000-0000-0000-0000-000000000808', '00000000-0000-0000-0000-000000000461', '00000000-0000-0000-0000-000000000103', NOW() - INTERVAL '8 day', NOW() + INTERVAL '6 day', 'BORROWED', 1, 'Extended seeded loan') ON CONFLICT DO NOTHING;
INSERT INTO loan_items (id, loan_id, variant_id, due_date, status, item_condition_on_checkout) VALUES ('1f3b79df-8cc0-438c-b5fe-0dffcea04175', '00000000-0000-0000-0000-000000000908', '00000000-0000-0000-0000-000000000901', NOW() + INTERVAL '6 day', 'BORROWED', 'GOOD') ON CONFLICT DO NOTHING;
INSERT INTO customers (id, customer_code, full_name, email, phone, status, total_fine_balance) VALUES ('00000000-0000-0000-0000-000000000809', 'CUS-EXT-009', 'Ngo Quyen', 'ngo.quyen@smartbook.local', '0913000009', 'ACTIVE', 0) ON CONFLICT DO NOTHING;
INSERT INTO customer_memberships (id, customer_id, plan_id, card_number, start_date, end_date, status) VALUES ('00000000-0000-0000-0000-000000000809', '00000000-0000-0000-0000-000000000809', '00000000-0000-0000-0000-000000000711', 'CARD-EXT-009', CURRENT_DATE - INTERVAL '10 day', CURRENT_DATE + INTERVAL '355 day', 'ACTIVE') ON CONFLICT DO NOTHING;
COMMIT;